MADISON,FEMALE,BLACK NON HISPANIC,176,43,1,0.03995
ETHAN,MALE,ASIAN AND PACIFIC ISLANDER,177,41,1,0.03811
JAYDEN,MALE,ASIAN AND PACIFIC ISLANDER,173,45,2,0.03724
SOPHIA,FEMALE,ASIAN AND PACIFIC ISLANDER,119,95,1,0.03482
RYAN,MALE,ASIAN AND PACIFIC ISLANDER,150,64,3,0.03229
ISABELLA,FEMALE,HISPANIC,331,2,1,0.03188
CHLOE,FEMALE,ASIAN AND PACIFIC ISLANDER,106,111,2,0.03101
JAYDEN,MALE,HISPANIC,426,1,1,0.03030
JAYDEN,MALE,BLACK NON HISPANIC,184,30,1,0.02999
AIDEN,MALE,BLACK NON HISPANIC,167,51,2,0.02722
EMILY,FEMALE,ASIAN AND PACIFIC ISLANDER,93,145,3,0.02721
OLIVIA,FEMALE,ASIAN AND PACIFIC ISLANDER,89,157,4,0.02604
ELIJAH,MALE,BLACK NON HISPANIC,156,60,3,0.02543
JEREMIAH,MALE,BLACK NON HISPANIC,153,61,4,0.02494
JUSTIN,MALE,ASIAN AND PACIFIC ISLANDER,110,105,4,0.02368
LUCAS,MALE,ASIAN AND PACIFIC ISLANDER,103,115,5,0.02217
MIA,FEMALE,HISPANIC,229,14,2,0.02206
JUSTIN,MALE,HISPANIC,310,3,2,0.02205
EMMA,FEMALE,ASIAN AND PACIFIC ISLANDER,75,194,5,0.02194
JACOB,MALE,HISPANIC,303,4,3,0.02155
SOPHIA,FEMALE,HISPANIC,223,17,3,0.02148
MICHAEL,MALE,WHITE NON HISPANIC,292,5,1,0.02147
JASON,MALE,ASIAN AND PACIFIC ISLANDER,98,134,6,0.02110
LONDON,FEMALE,BLACK NON HISPANIC,92,148,2,0.02088
JOSHUA,MALE,BLACK NON HISPANIC,128,78,5,0.02086
AIDEN,MALE,ASIAN AND PACIFIC ISLANDER,96,137,7,0.02067
JOSEPH,MALE,WHITE NON HISPANIC,281,6,2,0.02066
ETHAN,MALE,BLACK NON HISPANIC,124,86,6,0.02021
ESTHER,FEMALE,WHITE NON HISPANIC,224,15,1,0.01986
KEVIN,MALE,ASIAN AND PACIFIC ISLANDER,92,149,8,0.01981
JOSIAH,MALE,BLACK NON HISPANIC,121,92,7,0.01972
MATTHEW,MALE,HISPANIC,276,7,4,0.01963
ISABELLA,FEMALE,ASIAN AND PACIFIC ISLANDER,67,231,6,0.01960
JACOB,MALE,WHITE NON HISPANIC,265,8,3,0.01949
DAVID,MALE,WHITE NON HISPANIC,258,9,4,0.01897
EMMA,FEMALE,WHITE NON HISPANIC,213,20,2,0.01888
OLIVIA,FEMALE,WHITE NON HISPANIC,213,21,2,0.01888
ERIC,MALE,ASIAN AND PACIFIC ISLANDER,85,165,9,0.01830
ASHLEY,FEMALE,HISPANIC,190,25,4,0.01830
CAMILA,FEMALE,HISPANIC,188,28,5,0.01811
DANIEL,MALE,ASIAN AND PACIFIC ISLANDER,84,170,10,0.01808
ANGEL,MALE,HISPANIC,253,10,5,0.01800
ETHAN,MALE,HISPANIC,251,11,6,0.01785
KAYLA,FEMALE,BLACK NON HISPANIC,78,185,3,0.01770
ISAIAH,MALE,BLACK NON HISPANIC,105,112,8,0.01711
CHRISTOPHER,MALE,HISPANIC,239,12,7,0.01700
BENJAMIN,MALE,WHITE NON HISPANIC,230,13,5,0.01691
MOSHE,MALE,WHITE NON HISPANIC,224,16,6,0.01647
TYLER,MALE,BLACK NON HISPANIC,101,124,9,0.01646
MUHAMMAD,MALE,ASIAN AND PACIFIC ISLANDER,76,191,11,0.01636
CHLOE,FEMALE,BLACK NON HISPANIC,72,204,4,0.01634
LEAH,FEMALE,WHITE NON HISPANIC,183,32,3,0.01622
SOPHIA,FEMALE,WHITE NON HISPANIC,180,38,4,0.01596
MATTHEW,MALE,ASIAN AND PACIFIC ISLANDER,74,198,12,0.01593
SOFIA,FEMALE,HISPANIC,165,53,6,0.01589
TIFFANY,FEMALE,ASIAN AND PACIFIC ISLANDER,54,294,7,0.01580
CHAYA,FEMALE,WHITE NON HISPANIC,178,39,5,0.01578
DANIEL,MALE,HISPANIC,221,18,8,0.01572
SARAH,FEMALE,WHITE NON HISPANIC,177,42,6,0.01569
AALIYAH,FEMALE,BLACK NON HISPANIC,69,223,5,0.01566
EMILY,FEMALE,HISPANIC,162,54,7,0.01560
ALEXANDER,MALE,HISPANIC,219,19,9,0.01558
DANIEL,MALE,WHITE NON HISPANIC,210,22,7,0.01544
VINCENT,MALE,ASIAN AND PACIFIC ISLANDER,71,210,13,0.01529
ASHLEY,FEMALE,ASIAN AND PACIFIC ISLANDER,52,312,8,0.01521
MAKAYLA,FEMALE,BLACK NON HISPANIC,67,232,6,0.01521
RACHEL,FEMALE,WHITE NON HISPANIC,171,49,7,0.01516
MICHAEL,MALE,BLACK NON HISPANIC,93,146,10,0.01516
ANDREW,MALE,ASIAN AND PACIFIC ISLANDER,70,218,14,0.01507
CHRISTIAN,MALE,BLACK NON HISPANIC,91,154,11,0.01483
NOAH,MALE,BLACK NON HISPANIC,91,155,11,0.01483
ANTHONY,MALE,HISPANIC,207,23,10,0.01472
AMIR,MALE,BLACK NON HISPANIC,89,158,12,0.01451
ALEXANDER,MALE,WHITE NON HISPANIC,197,24,8,0.01449
AVA,FEMALE,WHITE NON HISPANIC,162,55,8,0.01436
AYDEN,MALE,BLACK NON HISPANIC,88,160,13,0.01434
IVAN,MALE,ASIAN AND PACIFIC ISLANDER,66,236,15,0.01421
WILLIAM,MALE,ASIAN AND PACIFIC ISLANDER,66,237,15,0.01421
ISABELLA,FEMALE,WHITE NON HISPANIC,160,56,9,0.01418
FIONA,FEMALE,ASIAN AND PACIFIC ISLANDER,48,346,9,0.01404
MATTHEW,MALE,WHITE NON HISPANIC,189,27,9,0.01390
JUSTIN,MALE,BLACK NON HISPANIC,85,166,14,0.01385
AUSTIN,MALE,ASIAN AND PACIFIC ISLANDER,64,247,16,0.01378
ANGELA,FEMALE,ASIAN AND PACIFIC ISLANDER,47,352,10,0.01375
DAVID,MALE,BLACK NON HISPANIC,84,171,15,0.01369
NEVAEH,FEMALE,BLACK NON HISPANIC,60,266,7,0.01362
MASON,MALE,BLACK NON HISPANIC,83,173,16,0.01353
JOSHUA,MALE,HISPANIC,190,26,11,0.01351
JACK,MALE,WHITE NON HISPANIC,183,33,10,0.01346
AIDEN,MALE,HISPANIC,188,29,12,0.01337
JACOB,MALE,BLACK NON HISPANIC,82,175,17,0.01337
SAMUEL,MALE,WHITE NON HISPANIC,181,37,11,0.01331
DANIEL,MALE,BLACK NON HISPANIC,81,178,18,0.01320
BRANDON,MALE,HISPANIC,184,31,13,0.01309
CHRISTOPHER,MALE,BLACK NON HISPANIC,80,182,19,0.01304
JONATHAN,MALE,HISPANIC,183,34,14,0.01302
KEVIN,MALE,HISPANIC,183,35,14,0.01302
SEBASTIAN,MALE,HISPANIC,183,36,14,0.01302
VIVIAN,FEMALE,ASIAN AND PACIFIC ISLANDER,44,383,11,0.01287
DAVID,MALE,HISPANIC,178,40,15,0.01266
ABRAHAM,MALE,WHITE NON HISPANIC,172,47,12,0.01265
JAMES,MALE,WHITE NON HISPANIC,172,48,12,0.01265
WILLIAM,MALE,WHITE NON HISPANIC,170,50,13,0.01250
GABRIELLE,FEMALE,BLACK NON HISPANIC,55,289,8,0.01248
MICHAEL,MALE,HISPANIC,174,44,16,0.01238
MASON,MALE,HISPANIC,173,46,17,0.01231
MICHELLE,FEMALE,ASIAN AND PACIFIC ISLANDER,42,398,12,0.01229
JADEN,MALE,BLACK NON HISPANIC,75,195,20,0.01222
JOHN,MALE,WHITE NON HISPANIC,166,52,14,0.01221
HAILEY,FEMALE,HISPANIC,126,83,8,0.01214
TAYLOR,FEMALE,BLACK NON HISPANIC,53,299,9,0.01203
LEAH,FEMALE,HISPANIC,123,87,9,0.01185
JADA,FEMALE,BLACK NON HISPANIC,52,313,10,0.01180
OLIVIA,FEMALE,BLACK NON HISPANIC,52,314,10,0.01180
SERENITY,FEMALE,BLACK NON HISPANIC,52,315,10,0.01180
MADISON,FEMALE,HISPANIC,122,88,10,0.01175
MALACHI,MALE,BLACK NON HISPANIC,72,205,21,0.01174
CHANA,FEMALE,WHITE NON HISPANIC,132,72,10,0.01170
MIRIAM,FEMALE,WHITE NON HISPANIC,131,73,11,0.01161
ABIGAIL,FEMALE,BLACK NON HISPANIC,51,322,11,0.01158
FATOUMATA,FEMALE,BLACK NON HISPANIC,51,323,11,0.01158
DYLAN,MALE,ASIAN AND PACIFIC ISLANDER,53,300,17,0.01141
CHARLOTTE,FEMALE,WHITE NON HISPANIC,127,80,12,0.01126
ELLA,FEMALE,WHITE NON HISPANIC,127,81,12,0.01126
NICHOLAS,MALE,WHITE NON HISPANIC,153,62,15,0.01125
GABRIEL,MALE,HISPANIC,158,57,18,0.01124
ALEX,MALE,ASIAN AND PACIFIC ISLANDER,52,316,18,0.01119
ADRIAN,MALE,HISPANIC,157,58,19,0.01117
NOAH,MALE,HISPANIC,157,59,19,0.01117
JOANNA,FEMALE,ASIAN AND PACIFIC ISLANDER,38,446,13,0.01112
SARAH,FEMALE,ASIAN AND PACIFIC ISLANDER,38,447,13,0.01112
AARON,MALE,ASIAN AND PACIFIC ISLANDER,51,324,19,0.01098
EVAN,MALE,ASIAN AND PACIFIC ISLANDER,51,325,19,0.01098
BRIANNA,FEMALE,HISPANIC,114,101,11,0.01098
EMMA,FEMALE,HISPANIC,114,102,11,0.01098
VICTORIA,FEMALE,HISPANIC,114,103,11,0.01098
HENRY,MALE,WHITE NON HISPANIC,149,65,16,0.01096
SOFIA,FEMALE,WHITE NON HISPANIC,122,89,13,0.01082
CHAIM,MALE,WHITE NON HISPANIC,147,66,17,0.01081
JONATHAN,MALE,ASIAN AND PACIFIC ISLANDER,50,333,20,0.01076
ANTHONY,MALE,BLACK NON HISPANIC,66,238,22,0.01076
CHRISTIAN,MALE,HISPANIC,151,63,20,0.01074
EMILY,FEMALE,WHITE NON HISPANIC,119,96,14,0.01055
JACOB,MALE,ASIAN AND PACIFIC ISLANDER,49,343,21,0.01055
MIA,FEMALE,ASIAN AND PACIFIC ISLANDER,36,481,14,0.01053
MELANIE,FEMALE,HISPANIC,109,107,12,0.01050
FAITH,FEMALE,BLACK NON HISPANIC,46,363,12,0.01044
NATHANIEL,MALE,BLACK NON HISPANIC,64,248,23,0.01043
JULIA,FEMALE,WHITE NON HISPANIC,116,99,15,0.01028
MIA,FEMALE,WHITE NON HISPANIC,116,100,15,0.01028
JOSE,MALE,HISPANIC,144,67,21,0.01024
IVY,FEMALE,ASIAN AND PACIFIC ISLANDER,35,500,15,0.01024
ALEXANDER,MALE,ASIAN AND PACIFIC ISLANDER,47,353,22,0.01012
RIVKA,FEMALE,WHITE NON HISPANIC,113,104,16,0.01002
JOSEPH,MALE,HISPANIC,140,68,22,0.00996
LIAM,MALE,BLACK NON HISPANIC,61,261,24,0.00994
ANTHONY,MALE,WHITE NON HISPANIC,135,70,18,0.00993
KIMBERLY,FEMALE,HISPANIC,103,116,13,0.00992
ANTHONY,MALE,ASIAN AND PACIFIC ISLANDER,46,364,23,0.00990
MOHAMMAD,MALE,ASIAN AND PACIFIC ISLANDER,46,365,23,0.00990
ANDREW,MALE,WHITE NON HISPANIC,133,71,19,0.00978
NYLA,FEMALE,BLACK NON HISPANIC,43,391,13,0.00976
ZOE,FEMALE,BLACK NON HISPANIC,43,392,13,0.00976
KYLE,MALE,ASIAN AND PACIFIC ISLANDER,45,376,24,0.00969
DYLAN,MALE,HISPANIC,136,69,23,0.00967
ALEXANDRA,FEMALE,WHITE NON HISPANIC,109,108,17,0.00966
GRACE,FEMALE,ASIAN AND PACIFIC ISLANDER,33,538,16,0.00965
NICOLE,FEMALE,ASIAN AND PACIFIC ISLANDER,33,539,16,0.00965
LIAM,MALE,WHITE NON HISPANIC,131,74,20,0.00963
SAMANTHA,FEMALE,HISPANIC,100,127,14,0.00963
MATTHEW,MALE,BLACK NON HISPANIC,59,274,25,0.00962
KHLOE,FEMALE,BLACK NON HISPANIC,42,399,14,0.00953
NYLAH,FEMALE,BLACK NON HISPANIC,42,400,14,0.00953
SAVANNAH,FEMALE,BLACK NON HISPANIC,42,401,14,0.00953
ADAM,MALE,WHITE NON HISPANIC,129,76,21,0.00949
CHARLES,MALE,WHITE NON HISPANIC,129,77,21,0.00949
SARA,FEMALE,WHITE NON HISPANIC,107,110,18,0.00949
TRISTAN,MALE,BLACK NON HISPANIC,58,279,26,0.00945
XAVIER,MALE,BLACK NON HISPANIC,58,280,26,0.00945
LUCAS,MALE,WHITE NON HISPANIC,128,79,22,0.00941
VICKY,FEMALE,ASIAN AND PACIFIC ISLANDER,32,564,17,0.00936
DYLAN,MALE,WHITE NON HISPANIC,127,82,23,0.00934
LUIS,MALE,HISPANIC,131,75,24,0.00932
AMARI,MALE,BLACK NON HISPANIC,57,282,27,0.00929
BRANDON,MALE,BLACK NON HISPANIC,57,283,27,0.00929
RYAN,MALE,WHITE NON HISPANIC,126,84,24,0.00927
ALVIN,MALE,ASIAN AND PACIFIC ISLANDER,43,393,25,0.00926
ANDY,MALE,ASIAN AND PACIFIC ISLANDER,43,394,25,0.00926
ABIGAIL,FEMALE,WHITE NON HISPANIC,103,117,19,0.00913
AVA,FEMALE,BLACK NON HISPANIC,40,421,15,0.00908
SARAH,FEMALE,BLACK NON HISPANIC,40,422,15,0.00908
JASMINE,FEMALE,ASIAN AND PACIFIC ISLANDER,31,592,18,0.00907
GENESIS,FEMALE,HISPANIC,94,142,15,0.00905
GABRIELLA,FEMALE,WHITE NON HISPANIC,102,121,20,0.00904
THOMAS,MALE,WHITE NON HISPANIC,121,93,25,0.00890
ANDREW,MALE,HISPANIC,125,85,25,0.00889
ELIZABETH,FEMALE,WHITE NON HISPANIC,100,128,21,0.00887
LAILA,FEMALE,BLACK NON HISPANIC,39,432,16,0.00885
LEAH,FEMALE,BLACK NON HISPANIC,39,433,16,0.00885
MOHAMMED,MALE,ASIAN AND PACIFIC ISLANDER,41,409,26,0.00883
NATHAN,MALE,ASIAN AND PACIFIC ISLANDER,41,410,26,0.00883
ANNA,FEMALE,ASIAN AND PACIFIC ISLANDER,30,610,19,0.00878
ETHAN,MALE,WHITE NON HISPANIC,118,97,26,0.00868
LUCAS,MALE,HISPANIC,122,90,26,0.00868
RYAN,MALE,HISPANIC,122,91,26,0.00868
ALLISON,FEMALE,HISPANIC,90,156,16,0.00867
AARON,MALE,BLACK NON HISPANIC,53,301,28,0.00864
JONATHAN,MALE,BLACK NON HISPANIC,53,302,28,0.00864
JORDAN,MALE,BLACK NON HISPANIC,53,303,28,0.00864
ARIANNA,FEMALE,BLACK NON HISPANIC,38,448,17,0.00862
BRIANNA,FEMALE,BLACK NON HISPANIC,38,449,17,0.00862
JAYLA,FEMALE,BLACK NON HISPANIC,38,450,17,0.00862
NIA,FEMALE,BLACK NON HISPANIC,38,451,17,0.00862
BRIAN,MALE,ASIAN AND PACIFIC ISLANDER,40,423,27,0.00861
LEO,MALE,ASIAN AND PACIFIC ISLANDER,40,424,27,0.00861
JEREMIAH,MALE,HISPANIC,120,94,27,0.00854
CHLOE,FEMALE,WHITE NON HISPANIC,95,140,22,0.00842
CHELSEA,FEMALE,BLACK NON HISPANIC,37,470,18,0.00840
BENJAMIN,MALE,ASIAN AND PACIFIC ISLANDER,39,434,28,0.00840
JEREMY,MALE,HISPANIC,118,98,28,0.00839
AMY,FEMALE,HISPANIC,87,161,17,0.00838
MAYA,FEMALE,WHITE NON HISPANIC,94,143,23,0.00833
GABRIELLA,FEMALE,HISPANIC,86,162,18,0.00828
OLIVIA,FEMALE,HISPANIC,86,163,18,0.00828
GRACE,FEMALE,WHITE NON HISPANIC,93,147,24,0.00824
ELAINE,FEMALE,ASIAN AND PACIFIC ISLANDER,28,663,20,0.00819
VALENTINA,FEMALE,HISPANIC,85,167,19,0.00819
MICHAEL,MALE,ASIAN AND PACIFIC ISLANDER,38,452,29,0.00818
MIA,FEMALE,BLACK NON HISPANIC,36,482,19,0.00817
VICTORIA,FEMALE,BLACK NON HISPANIC,36,483,19,0.00817
ANDREW,MALE,BLACK NON HISPANIC,36,487,38,0.00817
GABRIEL,MALE,BLACK NON HISPANIC,36,488,38,0.00817
GRACE,FEMALE,HISPANIC,36,489,53,0.00817
KAMILA,FEMALE,HISPANIC,36,490,53,0.00817
KIARA,FEMALE,HISPANIC,36,491,53,0.00817
AIDAN,MALE,HISPANIC,36,495,68,0.00817
KAYLEE,FEMALE,HISPANIC,83,174,20,0.00799
ALAN,MALE,ASIAN AND PACIFIC ISLANDER,37,471,30,0.00797
ALYSSA,FEMALE,BLACK NON HISPANIC,35,501,20,0.00794
ANIYAH,FEMALE,BLACK NON HISPANIC,35,502,20,0.00794
BRIELLE,FEMALE,BLACK NON HISPANIC,35,503,20,0.00794
DESTINY,FEMALE,BLACK NON HISPANIC,35,504,20,0.00794
ISABELLA,FEMALE,BLACK NON HISPANIC,35,505,20,0.00794
BRYCE,MALE,BLACK NON HISPANIC,35,507,39,0.00794
CARTER,MALE,BLACK NON HISPANIC,35,508,39,0.00794
JAIDEN,MALE,BLACK NON HISPANIC,35,509,39,0.00794
JOSEPH,MALE,BLACK NON HISPANIC,35,510,39,0.00794
ZION,MALE,BLACK NON HISPANIC,35,511,39,0.00794
JOSUE,MALE,HISPANIC,35,516,69,0.00794
ROBERT,MALE,HISPANIC,35,517,69,0.00794
ALICE,FEMALE,ASIAN AND PACIFIC ISLANDER,27,688,21,0.00790
CATHERINE,FEMALE,ASIAN AND PACIFIC ISLANDER,27,689,21,0.00790
CLAIRE,FEMALE,ASIAN AND PACIFIC ISLANDER,27,690,21,0.00790
JENNY,FEMALE,ASIAN AND PACIFIC ISLANDER,27,691,21,0.00790
MAYA,FEMALE,ASIAN AND PACIFIC ISLANDER,27,692,21,0.00790
ELIJAH,MALE,HISPANIC,110,106,29,0.00782
CARLOS,MALE,HISPANIC,109,109,30,0.00775
JAMES,MALE,ASIAN AND PACIFIC ISLANDER,36,484,31,0.00775
JOSHUA,MALE,ASIAN AND PACIFIC ISLANDER,36,485,31,0.00775
KINGSLEY,MALE,ASIAN AND PACIFIC ISLANDER,36,486,31,0.00775
NAOMI,FEMALE,BLACK NON HISPANIC,34,523,21,0.00772
JOHN,MALE,BLACK NON HISPANIC,34,525,40,0.00772
DESTINY,FEMALE,HISPANIC,34,526,54,0.00772
ELIANA,FEMALE,HISPANIC,34,527,54,0.00772
ADRIEL,MALE,HISPANIC,34,533,70,0.00772
TRISTAN,MALE,HISPANIC,34,534,70,0.00772
ABIGAIL,FEMALE,HISPANIC,80,183,21,0.00770
CAMERON,MALE,BLACK NON HISPANIC,47,354,29,0.00766
ALYSSA,FEMALE,ASIAN AND PACIFIC ISLANDER,26,720,22,0.00761
ANGELINA,FEMALE,ASIAN AND PACIFIC ISLANDER,26,721,22,0.00761
IRIS,FEMALE,ASIAN AND PACIFIC ISLANDER,26,722,22,0.00761
JESSICA,FEMALE,ASIAN AND PACIFIC ISLANDER,26,723,22,0.00761
SELINA,FEMALE,ASIAN AND PACIFIC ISLANDER,26,724,22,0.00761
TENZIN,FEMALE,ASIAN AND PACIFIC ISLANDER,26,725,22,0.00761
AUTUMN,FEMALE,BLACK NON HISPANIC,26,726,29,0.00761
SANAA,FEMALE,BLACK NON HISPANIC,26,727,29,0.00761
NICHOLAS,MALE,ASIAN AND PACIFIC ISLANDER,26,728,40,0.00761
RICHARD,MALE,ASIAN AND PACIFIC ISLANDER,26,729,40,0.00761
EVAN,MALE,BLACK NON HISPANIC,26,730,48,0.00761
ADRIANNA,FEMALE,HISPANIC,26,731,62,0.00761
CRYSTAL,FEMALE,HISPANIC,26,732,62,0.00761
GUADALUPE,FEMALE,HISPANIC,26,733,62,0.00761
LIA,FEMALE,HISPANIC,26,734,62,0.00761
MIKAYLA,FEMALE,HISPANIC,26,735,62,0.00761
NATHALIE,FEMALE,HISPANIC,26,736,62,0.00761
ARIELLA,FEMALE,WHITE NON HISPANIC,26,737,65,0.00761
AUDREY,FEMALE,WHITE NON HISPANIC,26,738,65,0.00761
ELLIE,FEMALE,WHITE NON HISPANIC,26,739,65,0.00761
FRAIDY,FEMALE,WHITE NON HISPANIC,26,740,65,0.00761
GEORGIA,FEMALE,WHITE NON HISPANIC,26,741,65,0.00761
GIA,FEMALE,WHITE NON HISPANIC,26,742,65,0.00761
LAUREN,FEMALE,WHITE NON HISPANIC,26,743,65,0.00761
PESSY,FEMALE,WHITE NON HISPANIC,26,744,65,0.00761
TALIA,FEMALE,WHITE NON HISPANIC,26,745,65,0.00761
ARIEL,MALE,HISPANIC,26,746,78,0.00761
DAMIAN,MALE,HISPANIC,26,747,78,0.00761
EMANUEL,MALE,HISPANIC,26,748,78,0.00761
JULIUS,MALE,HISPANIC,26,749,78,0.00761
THOMAS,MALE,HISPANIC,26,750,78,0.00761
AHMED,MALE,WHITE NON HISPANIC,26,751,81,0.00761
AUSTIN,MALE,WHITE NON HISPANIC,26,752,81,0.00761
PAUL,MALE,WHITE NON HISPANIC,26,753,81,0.00761
PHILIP,MALE,WHITE NON HISPANIC,26,754,81,0.00761
RICHARD,MALE,WHITE NON HISPANIC,26,755,81,0.00761
SHAYA,MALE,WHITE NON HISPANIC,26,756,81,0.00761
MENACHEM,MALE,WHITE NON HISPANIC,103,118,27,0.00757
ANNA,FEMALE,WHITE NON HISPANIC,85,168,25,0.00754
STEVEN,MALE,ASIAN AND PACIFIC ISLANDER,35,506,32,0.00753
GABRIELA,FEMALE,HISPANIC,78,186,22,0.00751
YOSEF,MALE,WHITE NON HISPANIC,102,122,28,0.00750
EMMANUEL,MALE,BLACK NON HISPANIC,46,366,30,0.00750
PAIGE,FEMALE,BLACK NON HISPANIC,33,540,22,0.00749
JAMES,MALE,BLACK NON HISPANIC,33,541,41,0.00749
MEKHI,MALE,BLACK NON HISPANIC,33,542,41,0.00749
NASIR,MALE,BLACK NON HISPANIC,33,543,41,0.00749
AMELIA,FEMALE,HISPANIC,33,544,55,0.00749
ANA,FEMALE,HISPANIC,33,545,55,0.00749
JAYLA,FEMALE,HISPANIC,33,546,55,0.00749
LEILANI,FEMALE,HISPANIC,33,547,55,0.00749
MARIAH,FEMALE,HISPANIC,33,548,55,0.00749
ANDERSON,MALE,HISPANIC,33,556,71,0.00749
KENNETH,MALE,HISPANIC,33,557,71,0.00749
MARCUS,MALE,HISPANIC,33,558,71,0.00749
MAX,MALE,HISPANIC,33,559,71,0.00749
VICTORIA,FEMALE,WHITE NON HISPANIC,84,172,26,0.00745
LUKE,MALE,WHITE NON HISPANIC,101,125,29,0.00743
ARIANNA,FEMALE,HISPANIC,77,188,23,0.00742
AYDEN,MALE,HISPANIC,104,113,31,0.00740
STEVEN,MALE,HISPANIC,104,114,31,0.00740
OLIVER,MALE,WHITE NON HISPANIC,100,129,30,0.00735
LIAM,MALE,HISPANIC,103,119,32,0.00733
NICHOLAS,MALE,HISPANIC,103,120,32,0.00733
MASON,MALE,ASIAN AND PACIFIC ISLANDER,34,524,33,0.00732
ALINA,FEMALE,ASIAN AND PACIFIC ISLANDER,25,757,23,0.00731
ELLA,FEMALE,ASIAN AND PACIFIC ISLANDER,25,758,23,0.00731
SOPHIE,FEMALE,ASIAN AND PACIFIC ISLANDER,25,759,23,0.00731
WINNIE,FEMALE,ASIAN AND PACIFIC ISLANDER,25,760,23,0.00731
ZOE,FEMALE,ASIAN AND PACIFIC ISLANDER,25,761,23,0.00731
AMINATA,FEMALE,BLACK NON HISPANIC,25,762,30,0.00731
KAYLEE,FEMALE,BLACK NON HISPANIC,25,763,30,0.00731
LONDYN,FEMALE,BLACK NON HISPANIC,25,764,30,0.00731
MAYA,FEMALE,BLACK NON HISPANIC,25,765,30,0.00731
MCKENZIE,FEMALE,BLACK NON HISPANIC,25,766,30,0.00731
JEFFREY,MALE,ASIAN AND PACIFIC ISLANDER,25,767,41,0.00731
JERRY,MALE,ASIAN AND PACIFIC ISLANDER,25,768,41,0.00731
LIAM,MALE,ASIAN AND PACIFIC ISLANDER,25,769,41,0.00731
OSCAR,MALE,ASIAN AND PACIFIC ISLANDER,25,770,41,0.00731
IBRAHIM,MALE,BLACK NON HISPANIC,25,771,49,0.00731
LOGAN,MALE,BLACK NON HISPANIC,25,772,49,0.00731
AMBER,FEMALE,HISPANIC,25,773,63,0.00731
AUBREY,FEMALE,HISPANIC,25,774,63,0.00731
FAITH,FEMALE,HISPANIC,25,775,63,0.00731
KARLA,FEMALE,HISPANIC,25,776,63,0.00731
LUZ,FEMALE,HISPANIC,25,777,63,0.00731
RACHEL,FEMALE,HISPANIC,25,778,63,0.00731
SABRINA,FEMALE,HISPANIC,25,779,63,0.00731
ELIZA,FEMALE,WHITE NON HISPANIC,25,780,66,0.00731
ISABELLE,FEMALE,WHITE NON HISPANIC,25,781,66,0.00731
MARGARET,FEMALE,WHITE NON HISPANIC,25,782,66,0.00731
NECHAMA,FEMALE,WHITE NON HISPANIC,25,783,66,0.00731
TAYLOR,FEMALE,WHITE NON HISPANIC,25,784,66,0.00731
YIDES,FEMALE,WHITE NON HISPANIC,25,785,66,0.00731
ZISSY,FEMALE,WHITE NON HISPANIC,25,786,66,0.00731
DEVIN,MALE,HISPANIC,25,787,79,0.00731
JARIEL,MALE,HISPANIC,25,788,79,0.00731
KAYDEN,MALE,HISPANIC,25,789,79,0.00731
PABLO,MALE,HISPANIC,25,790,79,0.00731
RICARDO,MALE,HISPANIC,25,791,79,0.00731
YADIEL,MALE,HISPANIC,25,792,79,0.00731
CHASE,MALE,WHITE NON HISPANIC,25,793,82,0.00731
EFRAIM,MALE,WHITE NON HISPANIC,25,794,82,0.00731
WYATT,MALE,WHITE NON HISPANIC,25,795,82,0.00731
NOAH,MALE,WHITE NON HISPANIC,99,130,31,0.00728
GITTY,FEMALE,WHITE NON HISPANIC,82,176,27,0.00727
AMAYA,FEMALE,BLACK NON HISPANIC,32,565,23,0.00726
ARIEL,FEMALE,BLACK NON HISPANIC,32,566,23,0.00726
HEAVEN,FEMALE,BLACK NON HISPANIC,32,567,23,0.00726
JASMINE,FEMALE,BLACK NON HISPANIC,32,568,23,0.00726
MARIAM,FEMALE,BLACK NON HISPANIC,32,569,23,0.00726
MYA,FEMALE,BLACK NON HISPANIC,32,570,23,0.00726
PARIS,FEMALE,BLACK NON HISPANIC,32,571,23,0.00726
NATHAN,MALE,BLACK NON HISPANIC,32,574,42,0.00726
PRINCE,MALE,BLACK NON HISPANIC,32,575,42,0.00726
ALISON,FEMALE,HISPANIC,32,576,56,0.00726
BRIANA,FEMALE,HISPANIC,32,577,56,0.00726
ELLA,FEMALE,HISPANIC,32,578,56,0.00726
MAKAYLA,FEMALE,HISPANIC,32,579,56,0.00726
NEVAEH,FEMALE,HISPANIC,32,580,56,0.00726
ADAM,MALE,HISPANIC,32,584,72,0.00726
ANTONIO,MALE,HISPANIC,32,585,72,0.00726
FRANCISCO,MALE,HISPANIC,32,586,72,0.00726
AARON,MALE,HISPANIC,102,123,33,0.00726
MIGUEL,MALE,HISPANIC,101,126,34,0.00718
LILY,FEMALE,WHITE NON HISPANIC,81,179,28,0.00718
ZOE,FEMALE,WHITE NON HISPANIC,81,180,28,0.00718
CALEB,MALE,BLACK NON HISPANIC,44,384,31,0.00717
JASON,MALE,BLACK NON HISPANIC,44,385,31,0.00717
ELI,MALE,WHITE NON HISPANIC,97,136,32,0.00713
GABRIEL,MALE,WHITE NON HISPANIC,96,138,33,0.00706
BRYAN,MALE,HISPANIC,99,131,35,0.00704
JUAN,MALE,HISPANIC,99,132,35,0.00704
JULIAN,MALE,HISPANIC,99,133,35,0.00704
HAILEY,FEMALE,BLACK NON HISPANIC,31,593,24,0.00704
MORGAN,FEMALE,BLACK NON HISPANIC,31,594,24,0.00704
NICHOLAS,MALE,BLACK NON HISPANIC,31,597,43,0.00704
AMAYA,FEMALE,HISPANIC,31,598,57,0.00704
KAITLYN,FEMALE,HISPANIC,31,599,57,0.00704
DANNY,MALE,HISPANIC,31,603,73,0.00704
DARIEL,MALE,HISPANIC,31,604,73,0.00704
HECTOR,MALE,HISPANIC,31,605,73,0.00704
MANUEL,MALE,HISPANIC,31,606,73,0.00704
RAFAEL,MALE,HISPANIC,31,607,73,0.00704
ABIGAIL,FEMALE,ASIAN AND PACIFIC ISLANDER,24,796,24,0.00702
AMY,FEMALE,ASIAN AND PACIFIC ISLANDER,24,797,24,0.00702
FATIMA,FEMALE,ASIAN AND PACIFIC ISLANDER,24,798,24,0.00702
JULIA,FEMALE,ASIAN AND PACIFIC ISLANDER,24,799,24,0.00702
SARA,FEMALE,ASIAN AND PACIFIC ISLANDER,24,800,24,0.00702
FATIMA,FEMALE,BLACK NON HISPANIC,24,801,31,0.00702
GABRIELLA,FEMALE,BLACK NON HISPANIC,24,802,31,0.00702
HANNAH,FEMALE,BLACK NON HISPANIC,24,803,31,0.00702
SYDNEY,FEMALE,BLACK NON HISPANIC,24,804,31,0.00702
AYDEN,MALE,ASIAN AND PACIFIC ISLANDER,24,805,42,0.00702
TENZIN,MALE,ASIAN AND PACIFIC ISLANDER,24,806,42,0.00702
DEVIN,MALE,BLACK NON HISPANIC,24,807,50,0.00702
MALIK,MALE,BLACK NON HISPANIC,24,808,50,0.00702
MARCUS,MALE,BLACK NON HISPANIC,24,809,50,0.00702
SINCERE,MALE,BLACK NON HISPANIC,24,810,50,0.00702
ALICIA,FEMALE,HISPANIC,24,811,64,0.00702
BIANCA,FEMALE,HISPANIC,24,812,64,0.00702
JAZMIN,FEMALE,HISPANIC,24,813,64,0.00702
LUNA,FEMALE,HISPANIC,24,814,64,0.00702
SARAI,FEMALE,HISPANIC,24,815,64,0.00702
TIFFANY,FEMALE,HISPANIC,24,816,64,0.00702
BRACHA,FEMALE,WHITE NON HISPANIC,24,817,67,0.00702
EDEN,FEMALE,WHITE NON HISPANIC,24,818,67,0.00702
ELOISE,FEMALE,WHITE NON HISPANIC,24,819,67,0.00702
MADELEINE,FEMALE,WHITE NON HISPANIC,24,820,67,0.00702
MINDY,FEMALE,WHITE NON HISPANIC,24,821,67,0.00702
BRADLEY,MALE,HISPANIC,24,822,80,0.00702
JAYSON,MALE,HISPANIC,24,823,80,0.00702
NOEL,MALE,HISPANIC,24,824,80,0.00702
RAYMOND,MALE,HISPANIC,24,825,80,0.00702
ARYEH,MALE,WHITE NON HISPANIC,24,826,83,0.00702
DEAN,MALE,WHITE NON HISPANIC,24,827,83,0.00702
HERSHEL,MALE,WHITE NON HISPANIC,24,828,83,0.00702
KYLE,MALE,WHITE NON HISPANIC,24,829,83,0.00702
MAYER,MALE,WHITE NON HISPANIC,24,830,83,0.00702
TIMOTHY,MALE,WHITE NON HISPANIC,24,831,83,0.00702
TRISTAN,MALE,WHITE NON HISPANIC,24,832,83,0.00702
MAX,MALE,WHITE NON HISPANIC,95,141,34,0.00699
WILLIAM,MALE,HISPANIC,98,135,36,0.00697
ANGELINA,FEMALE,HISPANIC,72,206,24,0.00693
SHIMON,MALE,WHITE NON HISPANIC,94,144,35,0.00691
AIDAN,MALE,ASIAN AND PACIFIC ISLANDER,32,572,34,0.00689
DEREK,MALE,ASIAN AND PACIFIC ISLANDER,32,573,34,0.00689
DYLAN,MALE,BLACK NON HISPANIC,42,402,32,0.00685
NICOLE,FEMALE,HISPANIC,71,211,25,0.00684
JOHN,MALE,HISPANIC,96,139,37,0.00683
EMILY,FEMALE,BLACK NON HISPANIC,30,611,25,0.00681
LAYLA,FEMALE,BLACK NON HISPANIC,30,612,25,0.00681
SOPHIA,FEMALE,BLACK NON HISPANIC,30,613,25,0.00681
SAMUEL,MALE,BLACK NON HISPANIC,30,616,44,0.00681
AMANDA,FEMALE,HISPANIC,30,617,58,0.00681
ANGELIQUE,FEMALE,HISPANIC,30,618,58,0.00681
DAISY,FEMALE,HISPANIC,30,619,58,0.00681
JACQUELINE,FEMALE,HISPANIC,30,620,58,0.00681
JOSELYN,FEMALE,HISPANIC,30,621,58,0.00681
LIZBETH,FEMALE,HISPANIC,30,622,58,0.00681
EDWARD,MALE,HISPANIC,30,626,74,0.00681
GEORGE,MALE,HISPANIC,30,627,74,0.00681
SEAN,MALE,HISPANIC,30,628,74,0.00681
CHRISTOPHER,MALE,WHITE NON HISPANIC,92,150,36,0.00677
ISAAC,MALE,WHITE NON HISPANIC,92,151,36,0.00677
AVA,FEMALE,ASIAN AND PACIFIC ISLANDER,23,833,25,0.00673
HANNAH,FEMALE,ASIAN AND PACIFIC ISLANDER,23,834,25,0.00673
SABRINA,FEMALE,ASIAN AND PACIFIC ISLANDER,23,835,25,0.00673
ZAINAB,FEMALE,ASIAN AND PACIFIC ISLANDER,23,836,25,0.00673
ALIYAH,FEMALE,BLACK NON HISPANIC,23,837,32,0.00673
KIMORA,FEMALE,BLACK NON HISPANIC,23,838,32,0.00673
JADEN,MALE,ASIAN AND PACIFIC ISLANDER,23,839,43,0.00673
JORDAN,MALE,ASIAN AND PACIFIC ISLANDER,23,840,43,0.00673
STANLEY,MALE,ASIAN AND PACIFIC ISLANDER,23,841,43,0.00673
WILSON,MALE,ASIAN AND PACIFIC ISLANDER,23,842,43,0.00673
MESSIAH,MALE,BLACK NON HISPANIC,23,843,51,0.00673
MOHAMMED,MALE,BLACK NON HISPANIC,23,844,51,0.00673
IZABELLA,FEMALE,HISPANIC,23,845,65,0.00673
KATELYN,FEMALE,HISPANIC,23,846,65,0.00673
MELODY,FEMALE,HISPANIC,23,847,65,0.00673
BLIMY,FEMALE,WHITE NON HISPANIC,23,848,68,0.00673
GITTEL,FEMALE,WHITE NON HISPANIC,23,849,68,0.00673
JULIETTE,FEMALE,WHITE NON HISPANIC,23,850,68,0.00673
LAILA,FEMALE,WHITE NON HISPANIC,23,851,68,0.00673
LIA,FEMALE,WHITE NON HISPANIC,23,852,68,0.00673
LIBBY,FEMALE,WHITE NON HISPANIC,23,853,68,0.00673
LUCIA,FEMALE,WHITE NON HISPANIC,23,854,68,0.00673
NORA,FEMALE,WHITE NON HISPANIC,23,855,68,0.00673
PEARL,FEMALE,WHITE NON HISPANIC,23,856,68,0.00673
PHOEBE,FEMALE,WHITE NON HISPANIC,23,857,68,0.00673
YEHUDIS,FEMALE,WHITE NON HISPANIC,23,858,68,0.00673
BRAYAN,MALE,HISPANIC,23,859,81,0.00673
JOAQUIN,MALE,HISPANIC,23,860,81,0.00673
MARIO,MALE,HISPANIC,23,861,81,0.00673
BRENDAN,MALE,WHITE NON HISPANIC,23,862,84,0.00673
FELIX,MALE,WHITE NON HISPANIC,23,863,84,0.00673
FINN,MALE,WHITE NON HISPANIC,23,864,84,0.00673
LOUIS,MALE,WHITE NON HISPANIC,23,865,84,0.00673
CHASE,MALE,BLACK NON HISPANIC,41,411,33,0.00668
RYAN,MALE,BLACK NON HISPANIC,41,412,33,0.00668
AYAAN,MALE,ASIAN AND PACIFIC ISLANDER,31,595,35,0.00667
TYLER,MALE,ASIAN AND PACIFIC ISLANDER,31,596,35,0.00667
ZOEY,FEMALE,BLACK NON HISPANIC,29,637,26,0.00658
MICAH,MALE,BLACK NON HISPANIC,29,639,45,0.00658
ROBERT,MALE,BLACK NON HISPANIC,29,640,45,0.00658
SEAN,MALE,BLACK NON HISPANIC,29,641,45,0.00658
DELILAH,FEMALE,HISPANIC,29,642,59,0.00658
LAILA,FEMALE,HISPANIC,29,643,59,0.00658
MYA,FEMALE,HISPANIC,29,644,59,0.00658
SARA,FEMALE,HISPANIC,29,645,59,0.00658
SCARLET,FEMALE,HISPANIC,29,646,59,0.00658
CESAR,MALE,HISPANIC,29,652,75,0.00658
EDGAR,MALE,HISPANIC,29,653,75,0.00658
MARCOS,MALE,HISPANIC,29,654,75,0.00658
PEDRO,MALE,HISPANIC,29,655,75,0.00658
SAMANTHA,FEMALE,WHITE NON HISPANIC,74,199,29,0.00656
JOSHUA,MALE,WHITE NON HISPANIC,89,159,37,0.00655
JASON,MALE,HISPANIC,92,152,38,0.00654
XAVIER,MALE,HISPANIC,92,153,38,0.00654
KYLE,MALE,BLACK NON HISPANIC,40,425,34,0.00652
ABDULLAH,MALE,ASIAN AND PACIFIC ISLANDER,30,614,36,0.00646
SAMUEL,MALE,ASIAN AND PACIFIC ISLANDER,30,615,36,0.00646
AMANDA,FEMALE,ASIAN AND PACIFIC ISLANDER,22,866,26,0.00644
ANGEL,FEMALE,ASIAN AND PACIFIC ISLANDER,22,867,26,0.00644
EVA,FEMALE,ASIAN AND PACIFIC ISLANDER,22,868,26,0.00644
JOYCE,FEMALE,ASIAN AND PACIFIC ISLANDER,22,869,26,0.00644
KAREN,FEMALE,ASIAN AND PACIFIC ISLANDER,22,870,26,0.00644
KELLY,FEMALE,ASIAN AND PACIFIC ISLANDER,22,871,26,0.00644
SAMANTHA,FEMALE,ASIAN AND PACIFIC ISLANDER,22,872,26,0.00644
STEPHANIE,FEMALE,ASIAN AND PACIFIC ISLANDER,22,873,26,0.00644
VICTORIA,FEMALE,ASIAN AND PACIFIC ISLANDER,22,874,26,0.00644
AMIRAH,FEMALE,BLACK NON HISPANIC,22,875,33,0.00644
ELIZABETH,FEMALE,BLACK NON HISPANIC,22,876,33,0.00644
MARIAMA,FEMALE,BLACK NON HISPANIC,22,877,33,0.00644
FELIX,MALE,ASIAN AND PACIFIC ISLANDER,22,878,44,0.00644
IAN,MALE,ASIAN AND PACIFIC ISLANDER,22,879,44,0.00644
ANDRE,MALE,BLACK NON HISPANIC,22,880,52,0.00644
BRIAN,MALE,BLACK NON HISPANIC,22,881,52,0.00644
ELI,MALE,BLACK NON HISPANIC,22,882,52,0.00644
KADEN,MALE,BLACK NON HISPANIC,22,883,52,0.00644
ZACHARY,MALE,BLACK NON HISPANIC,22,884,52,0.00644
ALIYAH,FEMALE,HISPANIC,22,885,66,0.00644
BRITTANY,FEMALE,HISPANIC,22,886,66,0.00644
DAYANA,FEMALE,HISPANIC,22,887,66,0.00644
JAYLENE,FEMALE,HISPANIC,22,888,66,0.00644
JULIA,FEMALE,HISPANIC,22,889,66,0.00644
NAOMI,FEMALE,HISPANIC,22,890,66,0.00644
YARETZI,FEMALE,HISPANIC,22,891,66,0.00644
ADELE,FEMALE,WHITE NON HISPANIC,22,892,69,0.00644
ALIZA,FEMALE,WHITE NON HISPANIC,22,893,69,0.00644
BELLA,FEMALE,WHITE NON HISPANIC,22,894,69,0.00644
EVE,FEMALE,WHITE NON HISPANIC,22,895,69,0.00644
JENNA,FEMALE,WHITE NON HISPANIC,22,896,69,0.00644
JESSICA,FEMALE,WHITE NON HISPANIC,22,897,69,0.00644
LOLA,FEMALE,WHITE NON HISPANIC,22,898,69,0.00644
ROCHEL,FEMALE,WHITE NON HISPANIC,22,899,69,0.00644
SHIRA,FEMALE,WHITE NON HISPANIC,22,900,69,0.00644
SHOSHANA,FEMALE,WHITE NON HISPANIC,22,901,69,0.00644
VERONICA,FEMALE,WHITE NON HISPANIC,22,902,69,0.00644
ABRAHAM,MALE,HISPANIC,22,903,82,0.00644
ALLEN,MALE,HISPANIC,22,904,82,0.00644
CHASE,MALE,HISPANIC,22,905,82,0.00644
DOMINIC,MALE,HISPANIC,22,906,82,0.00644
ISRAEL,MALE,HISPANIC,22,907,82,0.00644
KELVIN,MALE,HISPANIC,22,908,82,0.00644
MARCO,MALE,HISPANIC,22,909,82,0.00644
BEN,MALE,WHITE NON HISPANIC,22,910,85,0.00644
LORENZO,MALE,WHITE NON HISPANIC,22,911,85,0.00644
YEHOSHUA,MALE,WHITE NON HISPANIC,22,912,85,0.00644
FAIGY,FEMALE,WHITE NON HISPANIC,72,207,30,0.00638
ALEXANDER,MALE,BLACK NON HISPANIC,39,435,35,0.00636
IMANI,FEMALE,BLACK NON HISPANIC,28,664,27,0.00635
MILAN,FEMALE,BLACK NON HISPANIC,28,665,27,0.00635
TRINITY,FEMALE,BLACK NON HISPANIC,28,666,27,0.00635
ADAM,MALE,BLACK NON HISPANIC,28,669,46,0.00635
KAIDEN,MALE,BLACK NON HISPANIC,28,670,46,0.00635
KEVIN,MALE,BLACK NON HISPANIC,28,671,46,0.00635
DANIELLA,FEMALE,HISPANIC,28,672,60,0.00635
ISABEL,FEMALE,HISPANIC,28,673,60,0.00635
LILIANA,FEMALE,HISPANIC,28,674,60,0.00635
ANGELO,MALE,HISPANIC,28,681,76,0.00635
FERNANDO,MALE,HISPANIC,28,682,76,0.00635
JOHAN,MALE,HISPANIC,28,683,76,0.00635
ZACHARY,MALE,WHITE NON HISPANIC,86,164,38,0.00632
HANNAH,FEMALE,WHITE NON HISPANIC,71,212,31,0.00629
LEO,MALE,WHITE NON HISPANIC,85,169,39,0.00625
BRANDON,MALE,ASIAN AND PACIFIC ISLANDER,29,638,37,0.00624
JAYLEN,MALE,BLACK NON HISPANIC,38,453,36,0.00619
KATHERINE,FEMALE,ASIAN AND PACIFIC ISLANDER,21,913,27,0.00614
KAYLA,FEMALE,ASIAN AND PACIFIC ISLANDER,21,914,27,0.00614
NINA,FEMALE,ASIAN AND PACIFIC ISLANDER,21,915,27,0.00614
KAITLYN,FEMALE,BLACK NON HISPANIC,21,916,34,0.00614
MARIAH,FEMALE,BLACK NON HISPANIC,21,917,34,0.00614
MIKAYLA,FEMALE,BLACK NON HISPANIC,21,918,34,0.00614
SANAI,FEMALE,BLACK NON HISPANIC,21,919,34,0.00614
AHMED,MALE,ASIAN AND PACIFIC ISLANDER,21,920,45,0.00614
CHRISTIAN,MALE,ASIAN AND PACIFIC ISLANDER,21,921,45,0.00614
CHRISTOPHER,MALE,ASIAN AND PACIFIC ISLANDER,21,922,45,0.00614
DARREN,MALE,ASIAN AND PACIFIC ISLANDER,21,923,45,0.00614
DEVIN,MALE,ASIAN AND PACIFIC ISLANDER,21,924,45,0.00614
HENRY,MALE,ASIAN AND PACIFIC ISLANDER,21,925,45,0.00614
JACK,MALE,ASIAN AND PACIFIC ISLANDER,21,926,45,0.00614
JOHN,MALE,ASIAN AND PACIFIC ISLANDER,21,927,45,0.00614
JOSEPH,MALE,ASIAN AND PACIFIC ISLANDER,21,928,45,0.00614
IAN,MALE,BLACK NON HISPANIC,21,929,53,0.00614
JACE,MALE,BLACK NON HISPANIC,21,930,53,0.00614
AILEEN,FEMALE,HISPANIC,21,931,67,0.00614
GIA,FEMALE,HISPANIC,21,932,67,0.00614
JADA,FEMALE,HISPANIC,21,933,67,0.00614
JULIANNA,FEMALE,HISPANIC,21,934,67,0.00614
LAUREN,FEMALE,HISPANIC,21,935,67,0.00614
LILY,FEMALE,HISPANIC,21,936,67,0.00614
RIHANNA,FEMALE,HISPANIC,21,937,67,0.00614
SKYLA,FEMALE,HISPANIC,21,938,67,0.00614
LYLA,FEMALE,WHITE NON HISPANIC,21,939,70,0.00614
MAEVE,FEMALE,WHITE NON HISPANIC,21,940,70,0.00614
VIVIENNE,FEMALE,WHITE NON HISPANIC,21,941,70,0.00614
YAEL,FEMALE,WHITE NON HISPANIC,21,942,70,0.00614
ZOEY,FEMALE,WHITE NON HISPANIC,21,943,70,0.00614
AMIR,MALE,HISPANIC,21,944,83,0.00614
DANTE,MALE,HISPANIC,21,945,83,0.00614
EMILIO,MALE,HISPANIC,21,946,83,0.00614
JACK,MALE,HISPANIC,21,947,83,0.00614
URIEL,MALE,HISPANIC,21,948,83,0.00614
ALAN,MALE,WHITE NON HISPANIC,21,949,86,0.00614
BARUCH,MALE,WHITE NON HISPANIC,21,950,86,0.00614
DOMINICK,MALE,WHITE NON HISPANIC,21,951,86,0.00614
ELIAS,MALE,WHITE NON HISPANIC,21,952,86,0.00614
GRAHAM,MALE,WHITE NON HISPANIC,21,953,86,0.00614
GRIFFIN,MALE,WHITE NON HISPANIC,21,954,86,0.00614
HERSHY,MALE,WHITE NON HISPANIC,21,955,86,0.00614
LUKA,MALE,WHITE NON HISPANIC,21,956,86,0.00614
MARTIN,MALE,WHITE NON HISPANIC,21,957,86,0.00614
RAPHAEL,MALE,WHITE NON HISPANIC,21,958,86,0.00614
SHANE,MALE,WHITE NON HISPANIC,21,959,86,0.00614
SHOLOM,MALE,WHITE NON HISPANIC,21,960,86,0.00614
LAUREN,FEMALE,BLACK NON HISPANIC,27,693,28,0.00613
SAMANTHA,FEMALE,BLACK NON HISPANIC,27,694,28,0.00613
MAMADOU,MALE,BLACK NON HISPANIC,27,699,47,0.00613
WILLIAM,MALE,BLACK NON HISPANIC,27,700,47,0.00613
ESMERALDA,FEMALE,HISPANIC,27,701,61,0.00613
ITZEL,FEMALE,HISPANIC,27,702,61,0.00613
KATE,FEMALE,HISPANIC,27,703,61,0.00613
LONDON,FEMALE,HISPANIC,27,704,61,0.00613
ZOEY,FEMALE,HISPANIC,27,705,61,0.00613
CHRIS,MALE,HISPANIC,27,710,77,0.00613
JAKE,MALE,HISPANIC,27,711,77,0.00613
JULIO,MALE,HISPANIC,27,712,77,0.00613
OSCAR,MALE,HISPANIC,27,713,77,0.00613
STELLA,FEMALE,WHITE NON HISPANIC,69,224,32,0.00612
JOEL,MALE,BLACK NON HISPANIC,37,472,37,0.00603
KAYDEN,MALE,BLACK NON HISPANIC,37,473,37,0.00603
MOHAMED,MALE,BLACK NON HISPANIC,37,474,37,0.00603
GIANNA,FEMALE,WHITE NON HISPANIC,68,227,33,0.00603
ADAM,MALE,ASIAN AND PACIFIC ISLANDER,28,667,38,0.00603
DAVID,MALE,ASIAN AND PACIFIC ISLANDER,28,668,38,0.00603
ANNIE,FEMALE,ASIAN AND PACIFIC ISLANDER,20,961,28,0.00585
CHRISTINA,FEMALE,ASIAN AND PACIFIC ISLANDER,20,962,28,0.00585
IRENE,FEMALE,ASIAN AND PACIFIC ISLANDER,20,963,28,0.00585
KAYLEE,FEMALE,ASIAN AND PACIFIC ISLANDER,20,964,28,0.00585
NATALIE,FEMALE,ASIAN AND PACIFIC ISLANDER,20,965,28,0.00585
SHARON,FEMALE,ASIAN AND PACIFIC ISLANDER,20,966,28,0.00585
AMIYAH,FEMALE,BLACK NON HISPANIC,20,967,35,0.00585
ARIELLE,FEMALE,BLACK NON HISPANIC,20,968,35,0.00585
DANIELLE,FEMALE,BLACK NON HISPANIC,20,969,35,0.00585
HARMONY,FEMALE,BLACK NON HISPANIC,20,970,35,0.00585
PEYTON,FEMALE,BLACK NON HISPANIC,20,971,35,0.00585
SKYLAR,FEMALE,BLACK NON HISPANIC,20,972,35,0.00585
ABDUL,MALE,ASIAN AND PACIFIC ISLANDER,20,973,46,0.00585
CARSON,MALE,ASIAN AND PACIFIC ISLANDER,20,974,46,0.00585
DANNY,MALE,ASIAN AND PACIFIC ISLANDER,20,975,46,0.00585
JACKY,MALE,ASIAN AND PACIFIC ISLANDER,20,976,46,0.00585
MARCUS,MALE,ASIAN AND PACIFIC ISLANDER,20,977,46,0.00585
AIDAN,MALE,BLACK NON HISPANIC,20,978,54,0.00585
ANGELA,FEMALE,HISPANIC,20,979,68,0.00585
DULCE,FEMALE,HISPANIC,20,980,68,0.00585
JASMIN,FEMALE,HISPANIC,20,981,68,0.00585
JULIET,FEMALE,HISPANIC,20,982,68,0.00585
KAILEY,FEMALE,HISPANIC,20,983,68,0.00585
LEILA,FEMALE,HISPANIC,20,984,68,0.00585
LUCIA,FEMALE,HISPANIC,20,985,68,0.00585
NATHALY,FEMALE,HISPANIC,20,986,68,0.00585
RUBY,FEMALE,HISPANIC,20,987,68,0.00585
ALESSANDRA,FEMALE,WHITE NON HISPANIC,20,988,71,0.00585
ASHLEY,FEMALE,WHITE NON HISPANIC,20,989,71,0.00585
BATSHEVA,FEMALE,WHITE NON HISPANIC,20,990,71,0.00585
BLIMA,FEMALE,WHITE NON HISPANIC,20,991,71,0.00585
DYLAN,FEMALE,WHITE NON HISPANIC,20,992,71,0.00585
JACQUELINE,FEMALE,WHITE NON HISPANIC,20,993,71,0.00585
LIBA,FEMALE,WHITE NON HISPANIC,20,994,71,0.00585
MORGAN,FEMALE,WHITE NON HISPANIC,20,995,71,0.00585
NATALIA,FEMALE,WHITE NON HISPANIC,20,996,71,0.00585
RAIZEL,FEMALE,WHITE NON HISPANIC,20,997,71,0.00585
SHIFRA,FEMALE,WHITE NON HISPANIC,20,998,71,0.00585
SURY,FEMALE,WHITE NON HISPANIC,20,999,71,0.00585
YOCHEVED,FEMALE,WHITE NON HISPANIC,20,1000,71,0.00585
ARMANI,MALE,HISPANIC,20,1001,84,0.00585
CHARLES,MALE,HISPANIC,20,1002,84,0.00585
KENNY,MALE,HISPANIC,20,1003,84,0.00585
MATIAS,MALE,HISPANIC,20,1004,84,0.00585
AKIVA,MALE,WHITE NON HISPANIC,20,1005,87,0.00585
CHARLIE,MALE,WHITE NON HISPANIC,20,1006,87,0.00585
JASPER,MALE,WHITE NON HISPANIC,20,1007,87,0.00585
LAZER,MALE,WHITE NON HISPANIC,20,1008,87,0.00585
LEON,MALE,WHITE NON HISPANIC,20,1009,87,0.00585
MILO,MALE,WHITE NON HISPANIC,20,1010,87,0.00585
YOEL,MALE,WHITE NON HISPANIC,20,1011,87,0.00585
JOEL,MALE,HISPANIC,82,177,39,0.00583
ARJUN,MALE,ASIAN AND PACIFIC ISLANDER,27,695,39,0.00581
GAVIN,MALE,ASIAN AND PACIFIC ISLANDER,27,696,39,0.00581
OWEN,MALE,ASIAN AND PACIFIC ISLANDER,27,697,39,0.00581
RAYMOND,MALE,ASIAN AND PACIFIC ISLANDER,27,698,39,0.00581
JULIAN,MALE,WHITE NON HISPANIC,79,184,40,0.00581
SOPHIE,FEMALE,WHITE NON HISPANIC,65,245,34,0.00576
EVAN,MALE,HISPANIC,81,181,40,0.00576
AIDEN,MALE,WHITE NON HISPANIC,78,187,41,0.00574
EVA,FEMALE,WHITE NON HISPANIC,64,250,35,0.00567
JACKSON,MALE,WHITE NON HISPANIC,77,189,42,0.00566
JAKE,MALE,WHITE NON HISPANIC,77,190,42,0.00566
CHRISTIAN,MALE,WHITE NON HISPANIC,76,192,43,0.00559
MORDECHAI,MALE,WHITE NON HISPANIC,76,193,43,0.00559
MALKA,FEMALE,WHITE NON HISPANIC,63,256,36,0.00559
AUDREY,FEMALE,ASIAN AND PACIFIC ISLANDER,19,1012,29,0.00556
ERICA,FEMALE,ASIAN AND PACIFIC ISLANDER,19,1013,29,0.00556
MADISON,FEMALE,ASIAN AND PACIFIC ISLANDER,19,1014,29,0.00556
SOFIA,FEMALE,ASIAN AND PACIFIC ISLANDER,19,1015,29,0.00556
ZAHRA,FEMALE,ASIAN AND PACIFIC ISLANDER,19,1016,29,0.00556
AMELIA,FEMALE,BLACK NON HISPANIC,19,1017,36,0.00556
ANIYA,FEMALE,BLACK NON HISPANIC,19,1018,36,0.00556
KYLIE,FEMALE,BLACK NON HISPANIC,19,1019,36,0.00556
SKYLA,FEMALE,BLACK NON HISPANIC,19,1020,36,0.00556
TIANA,FEMALE,BLACK NON HISPANIC,19,1021,36,0.00556
ADRIAN,MALE,ASIAN AND PACIFIC ISLANDER,19,1022,47,0.00556
BENSON,MALE,ASIAN AND PACIFIC ISLANDER,19,1023,47,0.00556
LOGAN,MALE,ASIAN AND PACIFIC ISLANDER,19,1024,47,0.00556
NOAH,MALE,ASIAN AND PACIFIC ISLANDER,19,1025,47,0.00556
ADEN,MALE,BLACK NON HISPANIC,19,1026,55,0.00556
AVERY,MALE,BLACK NON HISPANIC,19,1027,55,0.00556
BLAKE,MALE,BLACK NON HISPANIC,19,1028,55,0.00556
JULIAN,MALE,BLACK NON HISPANIC,19,1029,55,0.00556
KHALIL,MALE,BLACK NON HISPANIC,19,1030,55,0.00556
KYMANI,MALE,BLACK NON HISPANIC,19,1031,55,0.00556
OMARI,MALE,BLACK NON HISPANIC,19,1032,55,0.00556
PRESTON,MALE,BLACK NON HISPANIC,19,1033,55,0.00556
ZAIRE,MALE,BLACK NON HISPANIC,19,1034,55,0.00556
ALLYSON,FEMALE,HISPANIC,19,1035,69,0.00556
ANGIE,FEMALE,HISPANIC,19,1036,69,0.00556
KAYLEEN,FEMALE,HISPANIC,19,1037,69,0.00556
MILA,FEMALE,HISPANIC,19,1038,69,0.00556
ADDISON,FEMALE,WHITE NON HISPANIC,19,1039,72,0.00556
ADINA,FEMALE,WHITE NON HISPANIC,19,1040,72,0.00556
ANASTASIA,FEMALE,WHITE NON HISPANIC,19,1041,72,0.00556
BRUCHA,FEMALE,WHITE NON HISPANIC,19,1042,72,0.00556
ELENA,FEMALE,WHITE NON HISPANIC,19,1043,72,0.00556
GABRIELA,FEMALE,WHITE NON HISPANIC,19,1044,72,0.00556
SIMA,FEMALE,WHITE NON HISPANIC,19,1045,72,0.00556
VERA,FEMALE,WHITE NON HISPANIC,19,1046,72,0.00556
BYRON,MALE,HISPANIC,19,1047,85,0.00556
CAMERON,MALE,HISPANIC,19,1048,85,0.00556
GAVIN,MALE,HISPANIC,19,1049,85,0.00556
JEFFREY,MALE,HISPANIC,19,1050,85,0.00556
LANDON,MALE,HISPANIC,19,1051,85,0.00556
MARK,MALE,HISPANIC,19,1052,85,0.00556
MATHEW,MALE,HISPANIC,19,1053,85,0.00556
RUBEN,MALE,HISPANIC,19,1054,85,0.00556
AHARON,MALE,WHITE NON HISPANIC,19,1055,88,0.00556
BRODY,MALE,WHITE NON HISPANIC,19,1056,88,0.00556
CARTER,MALE,WHITE NON HISPANIC,19,1057,88,0.00556
FRANCESCO,MALE,WHITE NON HISPANIC,19,1058,88,0.00556
GRAYSON,MALE,WHITE NON HISPANIC,19,1059,88,0.00556
LIPA,MALE,WHITE NON HISPANIC,19,1060,88,0.00556
ROCCO,MALE,WHITE NON HISPANIC,19,1061,88,0.00556
MASON,MALE,WHITE NON HISPANIC,75,196,44,0.00552
YISROEL,MALE,WHITE NON HISPANIC,75,197,44,0.00552
AMELIA,FEMALE,WHITE NON HISPANIC,62,259,37,0.00550
YEHUDA,MALE,WHITE NON HISPANIC,74,201,45,0.00544
EILEEN,FEMALE,ASIAN AND PACIFIC ISLANDER,18,1062,30,0.00527
JENNIFER,FEMALE,ASIAN AND PACIFIC ISLANDER,18,1063,30,0.00527
JESSIE,FEMALE,ASIAN AND PACIFIC ISLANDER,18,1064,30,0.00527
KATIE,FEMALE,ASIAN AND PACIFIC ISLANDER,18,1065,30,0.00527
PHOEBE,FEMALE,ASIAN AND PACIFIC ISLANDER,18,1066,30,0.00527
RACHEL,FEMALE,ASIAN AND PACIFIC ISLANDER,18,1067,30,0.00527
XIN,FEMALE,ASIAN AND PACIFIC ISLANDER,18,1068,30,0.00527
ALANA,FEMALE,BLACK NON HISPANIC,18,1069,37,0.00527
AMBER,FEMALE,BLACK NON HISPANIC,18,1070,37,0.00527
JADE,FEMALE,BLACK NON HISPANIC,18,1071,37,0.00527
MELANIE,FEMALE,BLACK NON HISPANIC,18,1072,37,0.00527
SAMIYAH,FEMALE,BLACK NON HISPANIC,18,1073,37,0.00527
ANSON,MALE,ASIAN AND PACIFIC ISLANDER,18,1074,48,0.00527
ARYAN,MALE,ASIAN AND PACIFIC ISLANDER,18,1075,48,0.00527
JOHNNY,MALE,ASIAN AND PACIFIC ISLANDER,18,1076,48,0.00527
THOMAS,MALE,ASIAN AND PACIFIC ISLANDER,18,1077,48,0.00527
ADRIAN,MALE,BLACK NON HISPANIC,18,1078,56,0.00527
ASHTON,MALE,BLACK NON HISPANIC,18,1079,56,0.00527
GAVIN,MALE,BLACK NON HISPANIC,18,1080,56,0.00527
ISAAC,MALE,BLACK NON HISPANIC,18,1081,56,0.00527
KALEB,MALE,BLACK NON HISPANIC,18,1082,56,0.00527
SHAWN,MALE,BLACK NON HISPANIC,18,1083,56,0.00527
DANA,FEMALE,HISPANIC,18,1084,70,0.00527
ISABELLE,FEMALE,HISPANIC,18,1085,70,0.00527
LIANA,FEMALE,HISPANIC,18,1086,70,0.00527
XIMENA,FEMALE,HISPANIC,18,1087,70,0.00527
ADRIANNA,FEMALE,WHITE NON HISPANIC,18,1088,73,0.00527
AVIVA,FEMALE,WHITE NON HISPANIC,18,1089,73,0.00527
ESTY,FEMALE,WHITE NON HISPANIC,18,1090,73,0.00527
HAZEL,FEMALE,WHITE NON HISPANIC,18,1091,73,0.00527
HENNY,FEMALE,WHITE NON HISPANIC,18,1092,73,0.00527
LAURA,FEMALE,WHITE NON HISPANIC,18,1093,73,0.00527
MACKENZIE,FEMALE,WHITE NON HISPANIC,18,1094,73,0.00527
DARWIN,MALE,HISPANIC,18,1095,86,0.00527
DERICK,MALE,HISPANIC,18,1096,86,0.00527
ERIK,MALE,HISPANIC,18,1097,86,0.00527
GAEL,MALE,HISPANIC,18,1098,86,0.00527
JAY,MALE,HISPANIC,18,1099,86,0.00527
JOHNNY,MALE,HISPANIC,18,1100,86,0.00527
JUNIOR,MALE,HISPANIC,18,1101,86,0.00527
MOISES,MALE,HISPANIC,18,1102,86,0.00527
RILEY,MALE,HISPANIC,18,1103,86,0.00527
DEVIN,MALE,WHITE NON HISPANIC,18,1104,89,0.00527
MOISHE,MALE,WHITE NON HISPANIC,18,1105,89,0.00527
NAFTALI,MALE,WHITE NON HISPANIC,18,1106,89,0.00527
NAFTULI,MALE,WHITE NON HISPANIC,18,1107,89,0.00527
XAVIER,MALE,WHITE NON HISPANIC,18,1108,89,0.00527
SAMUEL,MALE,HISPANIC,74,200,41,0.00526
MALKY,FEMALE,WHITE NON HISPANIC,59,277,38,0.00523
JONATHAN,MALE,WHITE NON HISPANIC,71,214,46,0.00522
LUCA,MALE,WHITE NON HISPANIC,71,215,46,0.00522
NATHAN,MALE,WHITE NON HISPANIC,71,216,46,0.00522
SEBASTIAN,MALE,WHITE NON HISPANIC,71,217,46,0.00522
ISAAC,MALE,HISPANIC,73,202,42,0.00519
JADEN,MALE,HISPANIC,73,203,42,0.00519
MARK,MALE,WHITE NON HISPANIC,70,222,47,0.00515
IAN,MALE,HISPANIC,72,208,43,0.00512
JORDAN,MALE,HISPANIC,72,209,43,0.00512
ROBERT,MALE,WHITE NON HISPANIC,69,226,48,0.00507
MADISON,FEMALE,WHITE NON HISPANIC,57,285,39,0.00505
EDWIN,MALE,HISPANIC,71,213,44,0.00505
ISAIAH,MALE,HISPANIC,70,219,45,0.00498
JAMES,MALE,HISPANIC,70,220,45,0.00498
JESUS,MALE,HISPANIC,70,221,45,0.00498
ALLISON,FEMALE,ASIAN AND PACIFIC ISLANDER,17,1109,31,0.00497
AYESHA,FEMALE,ASIAN AND PACIFIC ISLANDER,17,1110,31,0.00497
EVELYN,FEMALE,ASIAN AND PACIFIC ISLANDER,17,1111,31,0.00497
MARYAM,FEMALE,ASIAN AND PACIFIC ISLANDER,17,1112,31,0.00497
MILA,FEMALE,ASIAN AND PACIFIC ISLANDER,17,1113,31,0.00497
SERENA,FEMALE,ASIAN AND PACIFIC ISLANDER,17,1114,31,0.00497
AMANDA,FEMALE,BLACK NON HISPANIC,17,1115,38,0.00497
CHRISTINA,FEMALE,BLACK NON HISPANIC,17,1116,38,0.00497
MALIA,FEMALE,BLACK NON HISPANIC,17,1117,38,0.00497
SARIAH,FEMALE,BLACK NON HISPANIC,17,1118,38,0.00497
TAMIA,FEMALE,BLACK NON HISPANIC,17,1119,38,0.00497
CHARLES,MALE,ASIAN AND PACIFIC ISLANDER,17,1120,49,0.00497
FARHAN,MALE,ASIAN AND PACIFIC ISLANDER,17,1121,49,0.00497
IBRAHIM,MALE,ASIAN AND PACIFIC ISLANDER,17,1122,49,0.00497
JAKE,MALE,ASIAN AND PACIFIC ISLANDER,17,1123,49,0.00497
JEREMY,MALE,ASIAN AND PACIFIC ISLANDER,17,1124,49,0.00497
LEON,MALE,ASIAN AND PACIFIC ISLANDER,17,1125,49,0.00497
VICTOR,MALE,ASIAN AND PACIFIC ISLANDER,17,1126,49,0.00497
DOMINIC,MALE,BLACK NON HISPANIC,17,1127,57,0.00497
KAMARI,MALE,BLACK NON HISPANIC,17,1128,57,0.00497
TRAVIS,MALE,BLACK NON HISPANIC,17,1129,57,0.00497
ANALIA,FEMALE,HISPANIC,17,1130,71,0.00497
ARIEL,FEMALE,HISPANIC,17,1131,71,0.00497
BRENDA,FEMALE,HISPANIC,17,1132,71,0.00497
ELISA,FEMALE,HISPANIC,17,1133,71,0.00497
HANNAH,FEMALE,HISPANIC,17,1134,71,0.00497
HAYLEE,FEMALE,HISPANIC,17,1135,71,0.00497
KEILY,FEMALE,HISPANIC,17,1136,71,0.00497
MIAH,FEMALE,HISPANIC,17,1137,71,0.00497
MILEY,FEMALE,HISPANIC,17,1138,71,0.00497
NAYELI,FEMALE,HISPANIC,17,1139,71,0.00497
SIENNA,FEMALE,HISPANIC,17,1140,71,0.00497
AMINA,FEMALE,WHITE NON HISPANIC,17,1141,74,0.00497
DEVORA,FEMALE,WHITE NON HISPANIC,17,1142,74,0.00497
ELLE,FEMALE,WHITE NON HISPANIC,17,1143,74,0.00497
KAITLYN,FEMALE,WHITE NON HISPANIC,17,1144,74,0.00497
KATE,FEMALE,WHITE NON HISPANIC,17,1145,74,0.00497
LIANA,FEMALE,WHITE NON HISPANIC,17,1146,74,0.00497
MARIAM,FEMALE,WHITE NON HISPANIC,17,1147,74,0.00497
SALMA,FEMALE,WHITE NON HISPANIC,17,1148,74,0.00497
SKYLAR,FEMALE,WHITE NON HISPANIC,17,1149,74,0.00497
SLOANE,FEMALE,WHITE NON HISPANIC,17,1150,74,0.00497
ASHTON,MALE,HISPANIC,17,1151,87,0.00497
BRYANT,MALE,HISPANIC,17,1152,87,0.00497
ELIAN,MALE,HISPANIC,17,1153,87,0.00497
FRANK,MALE,HISPANIC,17,1154,87,0.00497
ISMAEL,MALE,HISPANIC,17,1155,87,0.00497
JARED,MALE,HISPANIC,17,1156,87,0.00497
LUKE,MALE,HISPANIC,17,1157,87,0.00497
MIKE,MALE,HISPANIC,17,1158,87,0.00497
VINCENT,MALE,HISPANIC,17,1159,87,0.00497
AHRON,MALE,WHITE NON HISPANIC,17,1160,90,0.00497
ILAN,MALE,WHITE NON HISPANIC,17,1161,90,0.00497
MATEO,MALE,WHITE NON HISPANIC,17,1162,90,0.00497
SHLOME,MALE,WHITE NON HISPANIC,17,1163,90,0.00497
SHMIEL,MALE,WHITE NON HISPANIC,17,1164,90,0.00497
YITZCHAK,MALE,WHITE NON HISPANIC,17,1165,90,0.00497
AARON,MALE,WHITE NON HISPANIC,67,234,49,0.00493
LOGAN,MALE,WHITE NON HISPANIC,67,235,49,0.00493
AXEL,MALE,HISPANIC,69,225,46,0.00491
GEORGE,MALE,WHITE NON HISPANIC,66,241,50,0.00485
ALEJANDRO,MALE,HISPANIC,68,228,47,0.00484
ALEX,MALE,HISPANIC,68,229,47,0.00484
GIOVANNI,MALE,HISPANIC,68,230,47,0.00484
EMELY,FEMALE,HISPANIC,50,334,41,0.00482
JADE,FEMALE,HISPANIC,50,335,41,0.00482
MELISSA,FEMALE,HISPANIC,50,336,41,0.00482
NATALIA,FEMALE,HISPANIC,50,337,41,0.00482
STEPHANIE,FEMALE,HISPANIC,50,338,41,0.00482
JOSIAH,MALE,HISPANIC,50,341,58,0.00482
SANTIAGO,MALE,HISPANIC,50,342,58,0.00482
ALEXA,FEMALE,WHITE NON HISPANIC,54,296,40,0.00479
REBECCA,FEMALE,WHITE NON HISPANIC,54,297,40,0.00479
OWEN,MALE,WHITE NON HISPANIC,65,246,51,0.00478
BELLA,FEMALE,HISPANIC,67,233,26,0.00477
GIANNA,FEMALE,HISPANIC,49,344,42,0.00472
MAYA,FEMALE,HISPANIC,49,345,42,0.00472
VINCENT,MALE,WHITE NON HISPANIC,64,251,52,0.00471
LESLIE,FEMALE,HISPANIC,66,239,27,0.00469
ELIAS,MALE,HISPANIC,66,240,48,0.00469
BELLA,FEMALE,ASIAN AND PACIFIC ISLANDER,16,1166,32,0.00468
HAILEY,FEMALE,ASIAN AND PACIFIC ISLANDER,16,1167,32,0.00468
LEAH,FEMALE,ASIAN AND PACIFIC ISLANDER,16,1168,32,0.00468
LILLIAN,FEMALE,ASIAN AND PACIFIC ISLANDER,16,1169,32,0.00468
SYEDA,FEMALE,ASIAN AND PACIFIC ISLANDER,16,1170,32,0.00468
WENDY,FEMALE,ASIAN AND PACIFIC ISLANDER,16,1171,32,0.00468
ANGEL,FEMALE,BLACK NON HISPANIC,16,1172,39,0.00468
ASHLEY,FEMALE,BLACK NON HISPANIC,16,1173,39,0.00468
AUBREY,FEMALE,BLACK NON HISPANIC,16,1174,39,0.00468
JAYDA,FEMALE,BLACK NON HISPANIC,16,1175,39,0.00468
JORDYN,FEMALE,BLACK NON HISPANIC,16,1176,39,0.00468
NADIA,FEMALE,BLACK NON HISPANIC,16,1177,39,0.00468
PRINCESS,FEMALE,BLACK NON HISPANIC,16,1178,39,0.00468
SADE,FEMALE,BLACK NON HISPANIC,16,1179,39,0.00468
TORI,FEMALE,BLACK NON HISPANIC,16,1180,39,0.00468
CALEB,MALE,ASIAN AND PACIFIC ISLANDER,16,1181,50,0.00468
NATHANIEL,MALE,ASIAN AND PACIFIC ISLANDER,16,1182,50,0.00468
RICKY,MALE,ASIAN AND PACIFIC ISLANDER,16,1183,50,0.00468
SYED,MALE,ASIAN AND PACIFIC ISLANDER,16,1184,50,0.00468
TIMOTHY,MALE,ASIAN AND PACIFIC ISLANDER,16,1185,50,0.00468
TONY,MALE,ASIAN AND PACIFIC ISLANDER,16,1186,50,0.00468
ABDOUL,MALE,BLACK NON HISPANIC,16,1187,58,0.00468
JASIAH,MALE,BLACK NON HISPANIC,16,1188,58,0.00468
JERMAINE,MALE,BLACK NON HISPANIC,16,1189,58,0.00468
KENNETH,MALE,BLACK NON HISPANIC,16,1190,58,0.00468
MAURICE,MALE,BLACK NON HISPANIC,16,1191,58,0.00468
ALEJANDRA,FEMALE,HISPANIC,16,1192,72,0.00468
ALICE,FEMALE,HISPANIC,16,1193,72,0.00468
ALONDRA,FEMALE,HISPANIC,16,1194,72,0.00468
AURORA,FEMALE,HISPANIC,16,1195,72,0.00468
AYLIN,FEMALE,HISPANIC,16,1196,72,0.00468
BRYANNA,FEMALE,HISPANIC,16,1197,72,0.00468
DENISE,FEMALE,HISPANIC,16,1198,72,0.00468
ELENA,FEMALE,HISPANIC,16,1199,72,0.00468
HEIDY,FEMALE,HISPANIC,16,1200,72,0.00468
JAZLYN,FEMALE,HISPANIC,16,1201,72,0.00468
JULIANA,FEMALE,HISPANIC,16,1202,72,0.00468
JULISSA,FEMALE,HISPANIC,16,1203,72,0.00468
LESLY,FEMALE,HISPANIC,16,1204,72,0.00468
MADELYN,FEMALE,HISPANIC,16,1205,72,0.00468
NYLA,FEMALE,HISPANIC,16,1206,72,0.00468
ROSELYN,FEMALE,HISPANIC,16,1207,72,0.00468
AHUVA,FEMALE,WHITE NON HISPANIC,16,1208,75,0.00468
CECILIA,FEMALE,WHITE NON HISPANIC,16,1209,75,0.00468
EMERSON,FEMALE,WHITE NON HISPANIC,16,1210,75,0.00468
FAIGA,FEMALE,WHITE NON HISPANIC,16,1211,75,0.00468
FRADEL,FEMALE,WHITE NON HISPANIC,16,1212,75,0.00468
MARY,FEMALE,WHITE NON HISPANIC,16,1213,75,0.00468
MICHAL,FEMALE,WHITE NON HISPANIC,16,1214,75,0.00468
SASHA,FEMALE,WHITE NON HISPANIC,16,1215,75,0.00468
SAVANNAH,FEMALE,WHITE NON HISPANIC,16,1216,75,0.00468
SERENA,FEMALE,WHITE NON HISPANIC,16,1217,75,0.00468
SHAINA,FEMALE,WHITE NON HISPANIC,16,1218,75,0.00468
SIENA,FEMALE,WHITE NON HISPANIC,16,1219,75,0.00468
SUMMER,FEMALE,WHITE NON HISPANIC,16,1220,75,0.00468
ADONIS,MALE,HISPANIC,16,1221,88,0.00468
BRAYDEN,MALE,HISPANIC,16,1222,88,0.00468
CARMELO,MALE,HISPANIC,16,1223,88,0.00468
DOMINICK,MALE,HISPANIC,16,1224,88,0.00468
GREGORY,MALE,HISPANIC,16,1225,88,0.00468
JOHNATHAN,MALE,HISPANIC,16,1226,88,0.00468
LEANDRO,MALE,HISPANIC,16,1227,88,0.00468
MARTIN,MALE,HISPANIC,16,1228,88,0.00468
MARVIN,MALE,HISPANIC,16,1229,88,0.00468
NELSON,MALE,HISPANIC,16,1230,88,0.00468
PAUL,MALE,HISPANIC,16,1231,88,0.00468
TIMOTHY,MALE,HISPANIC,16,1232,88,0.00468
YAHIR,MALE,HISPANIC,16,1233,88,0.00468
ZACHARY,MALE,HISPANIC,16,1234,88,0.00468
ANGELO,MALE,WHITE NON HISPANIC,16,1235,91,0.00468
AUGUST,MALE,WHITE NON HISPANIC,16,1236,91,0.00468
BORUCH,MALE,WHITE NON HISPANIC,16,1237,91,0.00468
ELIMELECH,MALE,WHITE NON HISPANIC,16,1238,91,0.00468
GREGORY,MALE,WHITE NON HISPANIC,16,1239,91,0.00468
HARRY,MALE,WHITE NON HISPANIC,16,1240,91,0.00468
ISAIAH,MALE,WHITE NON HISPANIC,16,1241,91,0.00468
LUKAS,MALE,WHITE NON HISPANIC,16,1242,91,0.00468
MARC,MALE,WHITE NON HISPANIC,16,1243,91,0.00468
MARCO,MALE,WHITE NON HISPANIC,16,1244,91,0.00468
PARKER,MALE,WHITE NON HISPANIC,16,1245,91,0.00468
RAYAN,MALE,WHITE NON HISPANIC,16,1246,91,0.00468
RYDER,MALE,WHITE NON HISPANIC,16,1247,91,0.00468
SHEA,MALE,WHITE NON HISPANIC,16,1248,91,0.00468
ADRIANA,FEMALE,HISPANIC,65,242,28,0.00462
SCARLETT,FEMALE,HISPANIC,65,243,28,0.00462
ZOE,FEMALE,HISPANIC,65,244,28,0.00462
RANDY,MALE,HISPANIC,48,348,59,0.00462
TYLER,MALE,HISPANIC,48,349,59,0.00462
VICTOR,MALE,HISPANIC,48,350,59,0.00462
AVERY,FEMALE,WHITE NON HISPANIC,52,318,41,0.00461
CAROLINE,FEMALE,WHITE NON HISPANIC,52,319,41,0.00461
DANIELA,FEMALE,HISPANIC,64,249,29,0.00455
ALEXANDRA,FEMALE,HISPANIC,47,355,43,0.00453
EVA,FEMALE,HISPANIC,47,356,43,0.00453
NATHAN,MALE,HISPANIC,47,359,60,0.00453
RAIZY,FEMALE,WHITE NON HISPANIC,51,329,42,0.00452
SHLOMO,MALE,WHITE NON HISPANIC,61,264,53,0.00449
TYLER,MALE,WHITE NON HISPANIC,61,265,53,0.00449
AALIYAH,FEMALE,HISPANIC,63,252,30,0.00448
ALYSSA,FEMALE,HISPANIC,63,253,30,0.00448
ELIZABETH,FEMALE,HISPANIC,63,254,30,0.00448
EVELYN,FEMALE,HISPANIC,63,255,30,0.00448
NATHANIEL,MALE,HISPANIC,63,257,49,0.00448
ALICE,FEMALE,WHITE NON HISPANIC,50,339,43,0.00443
ANGELINA,FEMALE,WHITE NON HISPANIC,50,340,43,0.00443
JESSICA,FEMALE,HISPANIC,46,367,44,0.00443
JOCELYN,FEMALE,HISPANIC,46,368,44,0.00443
NATALIE,FEMALE,HISPANIC,46,369,44,0.00443
ARON,MALE,WHITE NON HISPANIC,60,271,54,0.00441
EVAN,MALE,WHITE NON HISPANIC,60,272,54,0.00441
YAKOV,MALE,WHITE NON HISPANIC,60,273,54,0.00441
KAYLA,FEMALE,HISPANIC,62,258,31,0.00441
DEREK,MALE,HISPANIC,62,260,50,0.00441
ARIANA,FEMALE,ASIAN AND PACIFIC ISLANDER,15,1249,33,0.00439
ELIZABETH,FEMALE,ASIAN AND PACIFIC ISLANDER,15,1250,33,0.00439
JOCELYN,FEMALE,ASIAN AND PACIFIC ISLANDER,15,1251,33,0.00439
LILY,FEMALE,ASIAN AND PACIFIC ISLANDER,15,1252,33,0.00439
QUEENIE,FEMALE,ASIAN AND PACIFIC ISLANDER,15,1253,33,0.00439
VANESSA,FEMALE,ASIAN AND PACIFIC ISLANDER,15,1254,33,0.00439
AMANI,FEMALE,BLACK NON HISPANIC,15,1255,40,0.00439
AMIRA,FEMALE,BLACK NON HISPANIC,15,1256,40,0.00439
DAKOTA,FEMALE,BLACK NON HISPANIC,15,1257,40,0.00439
EGYPT,FEMALE,BLACK NON HISPANIC,15,1258,40,0.00439
EMMA,FEMALE,BLACK NON HISPANIC,15,1259,40,0.00439
FANTA,FEMALE,BLACK NON HISPANIC,15,1260,40,0.00439
GENESIS,FEMALE,BLACK NON HISPANIC,15,1261,40,0.00439
GRACE,FEMALE,BLACK NON HISPANIC,15,1262,40,0.00439
HAWA,FEMALE,BLACK NON HISPANIC,15,1263,40,0.00439
RILEY,FEMALE,BLACK NON HISPANIC,15,1264,40,0.00439
SARAI,FEMALE,BLACK NON HISPANIC,15,1265,40,0.00439
SHILOH,FEMALE,BLACK NON HISPANIC,15,1266,40,0.00439
SKYE,FEMALE,BLACK NON HISPANIC,15,1267,40,0.00439
SUMMER,FEMALE,BLACK NON HISPANIC,15,1268,40,0.00439
AARAV,MALE,ASIAN AND PACIFIC ISLANDER,15,1269,51,0.00439
ARMAAN,MALE,ASIAN AND PACIFIC ISLANDER,15,1270,51,0.00439
BRYAN,MALE,ASIAN AND PACIFIC ISLANDER,15,1271,51,0.00439
EDWIN,MALE,ASIAN AND PACIFIC ISLANDER,15,1272,51,0.00439
JIA,MALE,ASIAN AND PACIFIC ISLANDER,15,1273,51,0.00439
ROHAN,MALE,ASIAN AND PACIFIC ISLANDER,15,1274,51,0.00439
AMADOU,MALE,BLACK NON HISPANIC,15,1275,59,0.00439
AMARE,MALE,BLACK NON HISPANIC,15,1276,59,0.00439
ANTONIO,MALE,BLACK NON HISPANIC,15,1277,59,0.00439
CHANCE,MALE,BLACK NON HISPANIC,15,1278,59,0.00439
CHARLES,MALE,BLACK NON HISPANIC,15,1279,59,0.00439
JALEN,MALE,BLACK NON HISPANIC,15,1280,59,0.00439
JEREMY,MALE,BLACK NON HISPANIC,15,1281,59,0.00439
LAMAR,MALE,BLACK NON HISPANIC,15,1282,59,0.00439
LEVI,MALE,BLACK NON HISPANIC,15,1283,59,0.00439
MYLES,MALE,BLACK NON HISPANIC,15,1284,59,0.00439
RICHARD,MALE,BLACK NON HISPANIC,15,1285,59,0.00439
SEKOU,MALE,BLACK NON HISPANIC,15,1286,59,0.00439
ALISSON,FEMALE,HISPANIC,15,1287,73,0.00439
ERIKA,FEMALE,HISPANIC,15,1288,73,0.00439
ESTRELLA,FEMALE,HISPANIC,15,1289,73,0.00439
HEAVEN,FEMALE,HISPANIC,15,1290,73,0.00439
HEIDI,FEMALE,HISPANIC,15,1291,73,0.00439
JULIETTE,FEMALE,HISPANIC,15,1292,73,0.00439
KAYLIE,FEMALE,HISPANIC,15,1293,73,0.00439
MADELINE,FEMALE,HISPANIC,15,1294,73,0.00439
SELENA,FEMALE,HISPANIC,15,1295,73,0.00439
SHIRLEY,FEMALE,HISPANIC,15,1296,73,0.00439
ALLISON,FEMALE,WHITE NON HISPANIC,15,1297,76,0.00439
AMANDA,FEMALE,WHITE NON HISPANIC,15,1298,76,0.00439
AMELIE,FEMALE,WHITE NON HISPANIC,15,1299,76,0.00439
BATYA,FEMALE,WHITE NON HISPANIC,15,1300,76,0.00439
BREINDY,FEMALE,WHITE NON HISPANIC,15,1301,76,0.00439
BROOKLYN,FEMALE,WHITE NON HISPANIC,15,1302,76,0.00439
DAHLIA,FEMALE,WHITE NON HISPANIC,15,1303,76,0.00439
DANIELLE,FEMALE,WHITE NON HISPANIC,15,1304,76,0.00439
ERIN,FEMALE,WHITE NON HISPANIC,15,1305,76,0.00439
ETTY,FEMALE,WHITE NON HISPANIC,15,1306,76,0.00439
GABRIELLE,FEMALE,WHITE NON HISPANIC,15,1307,76,0.00439
GEMMA,FEMALE,WHITE NON HISPANIC,15,1308,76,0.00439
HADASSAH,FEMALE,WHITE NON HISPANIC,15,1309,76,0.00439
IVY,FEMALE,WHITE NON HISPANIC,15,1310,76,0.00439
MADELYN,FEMALE,WHITE NON HISPANIC,15,1311,76,0.00439
MALAK,FEMALE,WHITE NON HISPANIC,15,1312,76,0.00439
MICHAELA,FEMALE,WHITE NON HISPANIC,15,1313,76,0.00439
PEREL,FEMALE,WHITE NON HISPANIC,15,1314,76,0.00439
SHAINDEL,FEMALE,WHITE NON HISPANIC,15,1315,76,0.00439
SIMONE,FEMALE,WHITE NON HISPANIC,15,1316,76,0.00439
ALBERTO,MALE,HISPANIC,15,1317,89,0.00439
ALFREDO,MALE,HISPANIC,15,1318,89,0.00439
AUSTIN,MALE,HISPANIC,15,1319,89,0.00439
DAMIEN,MALE,HISPANIC,15,1320,89,0.00439
DENNIS,MALE,HISPANIC,15,1321,89,0.00439
GUSTAVO,MALE,HISPANIC,15,1322,89,0.00439
HUNTER,MALE,HISPANIC,15,1323,89,0.00439
JONAH,MALE,HISPANIC,15,1324,89,0.00439
MAXIMUS,MALE,HISPANIC,15,1325,89,0.00439
PETER,MALE,HISPANIC,15,1326,89,0.00439
RODRIGO,MALE,HISPANIC,15,1327,89,0.00439
SHAWN,MALE,HISPANIC,15,1328,89,0.00439
ALBERT,MALE,WHITE NON HISPANIC,15,1329,92,0.00439
AMIR,MALE,WHITE NON HISPANIC,15,1330,92,0.00439
BRAYDEN,MALE,WHITE NON HISPANIC,15,1331,92,0.00439
DOMINIC,MALE,WHITE NON HISPANIC,15,1332,92,0.00439
GAVRIEL,MALE,WHITE NON HISPANIC,15,1333,92,0.00439
KAI,MALE,WHITE NON HISPANIC,15,1334,92,0.00439
PINCHAS,MALE,WHITE NON HISPANIC,15,1335,92,0.00439
SHLOIME,MALE,WHITE NON HISPANIC,15,1336,92,0.00439
SPENCER,MALE,WHITE NON HISPANIC,15,1337,92,0.00439
ANDREA,FEMALE,HISPANIC,61,262,32,0.00434
ARIANA,FEMALE,HISPANIC,61,263,32,0.00434
VALERIA,FEMALE,HISPANIC,45,377,45,0.00433
EDUARDO,MALE,HISPANIC,45,380,61,0.00433
LOGAN,MALE,HISPANIC,45,381,61,0.00433
CHLOE,FEMALE,HISPANIC,60,267,33,0.00427
KATHERINE,FEMALE,HISPANIC,60,268,33,0.00427
ERIC,MALE,HISPANIC,60,269,51,0.00427
ERICK,MALE,HISPANIC,60,270,51,0.00427
AIDAN,MALE,WHITE NON HISPANIC,58,281,55,0.00427
SHAINDY,FEMALE,WHITE NON HISPANIC,48,347,44,0.00426
MATEO,MALE,HISPANIC,44,388,62,0.00424
JENNIFER,FEMALE,HISPANIC,59,275,34,0.00420
MARIA,FEMALE,HISPANIC,59,276,34,0.00420
BRIAN,MALE,HISPANIC,59,278,52,0.00420
LILLIAN,FEMALE,WHITE NON HISPANIC,47,357,45,0.00417
LUCY,FEMALE,WHITE NON HISPANIC,47,358,45,0.00417
CHELSEA,FEMALE,HISPANIC,43,395,46,0.00414
HENRY,MALE,HISPANIC,43,397,63,0.00414
PATRICK,MALE,WHITE NON HISPANIC,56,287,56,0.00412
YITZCHOK,MALE,WHITE NON HISPANIC,56,288,56,0.00412
AMELIA,FEMALE,ASIAN AND PACIFIC ISLANDER,14,1338,34,0.00410
ANIKA,FEMALE,ASIAN AND PACIFIC ISLANDER,14,1339,34,0.00410
CHARLOTTE,FEMALE,ASIAN AND PACIFIC ISLANDER,14,1340,34,0.00410
CINDY,FEMALE,ASIAN AND PACIFIC ISLANDER,14,1341,34,0.00410
CYNTHIA,FEMALE,ASIAN AND PACIFIC ISLANDER,14,1342,34,0.00410
JANICE,FEMALE,ASIAN AND PACIFIC ISLANDER,14,1343,34,0.00410
JOY,FEMALE,ASIAN AND PACIFIC ISLANDER,14,1344,34,0.00410
KATELYN,FEMALE,ASIAN AND PACIFIC ISLANDER,14,1345,34,0.00410
TINA,FEMALE,ASIAN AND PACIFIC ISLANDER,14,1346,34,0.00410
ZARA,FEMALE,ASIAN AND PACIFIC ISLANDER,14,1347,34,0.00410
AICHA,FEMALE,BLACK NON HISPANIC,14,1348,41,0.00410
AMINA,FEMALE,BLACK NON HISPANIC,14,1349,41,0.00410
KALIYAH,FEMALE,BLACK NON HISPANIC,14,1350,41,0.00410
MALIYAH,FEMALE,BLACK NON HISPANIC,14,1351,41,0.00410
SASHA,FEMALE,BLACK NON HISPANIC,14,1352,41,0.00410
SHANIA,FEMALE,BLACK NON HISPANIC,14,1353,41,0.00410
ZARIAH,FEMALE,BLACK NON HISPANIC,14,1354,41,0.00410
ADITYA,MALE,ASIAN AND PACIFIC ISLANDER,14,1355,52,0.00410
ALLEN,MALE,ASIAN AND PACIFIC ISLANDER,14,1356,52,0.00410
EDISON,MALE,ASIAN AND PACIFIC ISLANDER,14,1357,52,0.00410
JAY,MALE,ASIAN AND PACIFIC ISLANDER,14,1358,52,0.00410
LAWRENCE,MALE,ASIAN AND PACIFIC ISLANDER,14,1359,52,0.00410
MARTIN,MALE,ASIAN AND PACIFIC ISLANDER,14,1360,52,0.00410
MAX,MALE,ASIAN AND PACIFIC ISLANDER,14,1361,52,0.00410
PATRICK,MALE,ASIAN AND PACIFIC ISLANDER,14,1362,52,0.00410
SEAN,MALE,ASIAN AND PACIFIC ISLANDER,14,1363,52,0.00410
SEBASTIAN,MALE,ASIAN AND PACIFIC ISLANDER,14,1364,52,0.00410
SIMON,MALE,ASIAN AND PACIFIC ISLANDER,14,1365,52,0.00410
BRYSON,MALE,BLACK NON HISPANIC,14,1366,60,0.00410
DWAYNE,MALE,BLACK NON HISPANIC,14,1367,60,0.00410
ELIAS,MALE,BLACK NON HISPANIC,14,1368,60,0.00410
ERIC,MALE,BLACK NON HISPANIC,14,1369,60,0.00410
GIOVANNI,MALE,BLACK NON HISPANIC,14,1370,60,0.00410
JAHMIR,MALE,BLACK NON HISPANIC,14,1371,60,0.00410
JAYSON,MALE,BLACK NON HISPANIC,14,1372,60,0.00410
KAI,MALE,BLACK NON HISPANIC,14,1373,60,0.00410
KAMERON,MALE,BLACK NON HISPANIC,14,1374,60,0.00410
KING,MALE,BLACK NON HISPANIC,14,1375,60,0.00410
OMAR,MALE,BLACK NON HISPANIC,14,1376,60,0.00410
OUSMANE,MALE,BLACK NON HISPANIC,14,1377,60,0.00410
PATRICK,MALE,BLACK NON HISPANIC,14,1378,60,0.00410
TIMOTHY,MALE,BLACK NON HISPANIC,14,1379,60,0.00410
ZYAIRE,MALE,BLACK NON HISPANIC,14,1380,60,0.00410
ANIYAH,FEMALE,HISPANIC,14,1381,74,0.00410
ARIELLA,FEMALE,HISPANIC,14,1382,74,0.00410
AYLEEN,FEMALE,HISPANIC,14,1383,74,0.00410
EILEEN,FEMALE,HISPANIC,14,1384,74,0.00410
ESTHER,FEMALE,HISPANIC,14,1385,74,0.00410
FERNANDA,FEMALE,HISPANIC,14,1386,74,0.00410
GABRIELLE,FEMALE,HISPANIC,14,1387,74,0.00410
HALEY,FEMALE,HISPANIC,14,1388,74,0.00410
JAZMINE,FEMALE,HISPANIC,14,1389,74,0.00410
LAURA,FEMALE,HISPANIC,14,1390,74,0.00410
MELANY,FEMALE,HISPANIC,14,1391,74,0.00410
MIKAELA,FEMALE,HISPANIC,14,1392,74,0.00410
NADIA,FEMALE,HISPANIC,14,1393,74,0.00410
PENELOPE,FEMALE,HISPANIC,14,1394,74,0.00410
VIOLET,FEMALE,HISPANIC,14,1395,74,0.00410
ALESSIA,FEMALE,WHITE NON HISPANIC,14,1396,77,0.00410
ALISA,FEMALE,WHITE NON HISPANIC,14,1397,77,0.00410
ANNABEL,FEMALE,WHITE NON HISPANIC,14,1398,77,0.00410
ARIEL,FEMALE,WHITE NON HISPANIC,14,1399,77,0.00410
BLAKE,FEMALE,WHITE NON HISPANIC,14,1400,77,0.00410
BRIDGET,FEMALE,WHITE NON HISPANIC,14,1401,77,0.00410
BRYNN,FEMALE,WHITE NON HISPANIC,14,1402,77,0.00410
CHARLIE,FEMALE,WHITE NON HISPANIC,14,1403,77,0.00410
CHRISTINA,FEMALE,WHITE NON HISPANIC,14,1404,77,0.00410
COLETTE,FEMALE,WHITE NON HISPANIC,14,1405,77,0.00410
ELISHEVA,FEMALE,WHITE NON HISPANIC,14,1406,77,0.00410
ESTER,FEMALE,WHITE NON HISPANIC,14,1407,77,0.00410
GOLDA,FEMALE,WHITE NON HISPANIC,14,1408,77,0.00410
ISLA,FEMALE,WHITE NON HISPANIC,14,1409,77,0.00410
JASMINE,FEMALE,WHITE NON HISPANIC,14,1410,77,0.00410
JOYCE,FEMALE,WHITE NON HISPANIC,14,1411,77,0.00410
MATILDA,FEMALE,WHITE NON HISPANIC,14,1412,77,0.00410
RYAN,FEMALE,WHITE NON HISPANIC,14,1413,77,0.00410
SURI,FEMALE,WHITE NON HISPANIC,14,1414,77,0.00410
TESSA,FEMALE,WHITE NON HISPANIC,14,1415,77,0.00410
TZIVIA,FEMALE,WHITE NON HISPANIC,14,1416,77,0.00410
VANESSA,FEMALE,WHITE NON HISPANIC,14,1417,77,0.00410
ABEL,MALE,HISPANIC,14,1418,90,0.00410
ENRIQUE,MALE,HISPANIC,14,1419,90,0.00410
FRANKLIN,MALE,HISPANIC,14,1420,90,0.00410
JEFFERSON,MALE,HISPANIC,14,1421,90,0.00410
JEREMIAS,MALE,HISPANIC,14,1422,90,0.00410
JIMMY,MALE,HISPANIC,14,1423,90,0.00410
JULIEN,MALE,HISPANIC,14,1424,90,0.00410
LORENZO,MALE,HISPANIC,14,1425,90,0.00410
LOUIS,MALE,HISPANIC,14,1426,90,0.00410
PRESTON,MALE,HISPANIC,14,1427,90,0.00410
PRINCE,MALE,HISPANIC,14,1428,90,0.00410
ROMEO,MALE,HISPANIC,14,1429,90,0.00410
BINYOMIN,MALE,WHITE NON HISPANIC,14,1430,93,0.00410
BLAKE,MALE,WHITE NON HISPANIC,14,1431,93,0.00410
BRYAN,MALE,WHITE NON HISPANIC,14,1432,93,0.00410
CHESKEL,MALE,WHITE NON HISPANIC,14,1433,93,0.00410
EITAN,MALE,WHITE NON HISPANIC,14,1434,93,0.00410
GRANT,MALE,WHITE NON HISPANIC,14,1435,93,0.00410
HERSH,MALE,WHITE NON HISPANIC,14,1436,93,0.00410
MARCUS,MALE,WHITE NON HISPANIC,14,1437,93,0.00410
MAXIMUS,MALE,WHITE NON HISPANIC,14,1438,93,0.00410
RILEY,MALE,WHITE NON HISPANIC,14,1439,93,0.00410
YISRAEL,MALE,WHITE NON HISPANIC,14,1440,93,0.00410
ZALMEN,MALE,WHITE NON HISPANIC,14,1441,93,0.00410
CHAVA,FEMALE,WHITE NON HISPANIC,46,370,46,0.00408
NAOMI,FEMALE,WHITE NON HISPANIC,46,371,46,0.00408
KHLOE,FEMALE,HISPANIC,57,284,35,0.00405
EMMANUEL,MALE,HISPANIC,57,286,53,0.00405
VANESSA,FEMALE,HISPANIC,42,403,47,0.00405
CALEB,MALE,HISPANIC,42,404,64,0.00405
IVAN,MALE,HISPANIC,42,405,64,0.00405
JAIDEN,MALE,HISPANIC,42,406,64,0.00405
OLIVER,MALE,HISPANIC,42,407,64,0.00405
ASHER,MALE,WHITE NON HISPANIC,55,293,57,0.00404
KAYLA,FEMALE,WHITE NON HISPANIC,45,378,47,0.00399
NICOLE,FEMALE,WHITE NON HISPANIC,45,379,47,0.00399
JASMINE,FEMALE,HISPANIC,41,413,48,0.00395
KAREN,FEMALE,HISPANIC,41,414,48,0.00395
KELLY,FEMALE,HISPANIC,41,415,48,0.00395
ALEXA,FEMALE,HISPANIC,55,290,36,0.00391
ALEXIS,MALE,HISPANIC,55,291,54,0.00391
LEONARDO,MALE,HISPANIC,55,292,54,0.00391
DEVORAH,FEMALE,WHITE NON HISPANIC,44,386,48,0.00390
KATHERINE,FEMALE,WHITE NON HISPANIC,44,387,48,0.00390
CONNOR,MALE,WHITE NON HISPANIC,53,308,58,0.00390
GAVIN,MALE,WHITE NON HISPANIC,53,309,58,0.00390
HUDSON,MALE,WHITE NON HISPANIC,53,310,58,0.00390
THEODORE,MALE,WHITE NON HISPANIC,53,311,58,0.00390
ANGELICA,FEMALE,HISPANIC,40,426,49,0.00385
AVA,FEMALE,HISPANIC,54,295,37,0.00384
DIEGO,MALE,HISPANIC,54,298,55,0.00384
JONAH,MALE,WHITE NON HISPANIC,52,320,59,0.00382
PETER,MALE,WHITE NON HISPANIC,52,321,59,0.00382
RIVKY,FEMALE,WHITE NON HISPANIC,43,396,49,0.00381
ADA,FEMALE,ASIAN AND PACIFIC ISLANDER,13,1442,35,0.00380
AISHA,FEMALE,ASIAN AND PACIFIC ISLANDER,13,1443,35,0.00380
ALEXANDRA,FEMALE,ASIAN AND PACIFIC ISLANDER,13,1444,35,0.00380
AMBER,FEMALE,ASIAN AND PACIFIC ISLANDER,13,1445,35,0.00380
BRIANNA,FEMALE,ASIAN AND PACIFIC ISLANDER,13,1446,35,0.00380
ERIN,FEMALE,ASIAN AND PACIFIC ISLANDER,13,1447,35,0.00380
GIANNA,FEMALE,ASIAN AND PACIFIC ISLANDER,13,1448,35,0.00380
JANNAT,FEMALE,ASIAN AND PACIFIC ISLANDER,13,1449,35,0.00380
KHLOE,FEMALE,ASIAN AND PACIFIC ISLANDER,13,1450,35,0.00380
LAUREN,FEMALE,ASIAN AND PACIFIC ISLANDER,13,1451,35,0.00380
MELODY,FEMALE,ASIAN AND PACIFIC ISLANDER,13,1452,35,0.00380
REBECCA,FEMALE,ASIAN AND PACIFIC ISLANDER,13,1453,35,0.00380
SELENA,FEMALE,ASIAN AND PACIFIC ISLANDER,13,1454,35,0.00380
YU,FEMALE,ASIAN AND PACIFIC ISLANDER,13,1455,35,0.00380
ADDISON,FEMALE,BLACK NON HISPANIC,13,1456,42,0.00380
AISSATOU,FEMALE,BLACK NON HISPANIC,13,1457,42,0.00380
ALEXIS,FEMALE,BLACK NON HISPANIC,13,1458,42,0.00380
ARIA,FEMALE,BLACK NON HISPANIC,13,1459,42,0.00380
ARIANA,FEMALE,BLACK NON HISPANIC,13,1460,42,0.00380
JANIYA,FEMALE,BLACK NON HISPANIC,13,1461,42,0.00380
KENNEDY,FEMALE,BLACK NON HISPANIC,13,1462,42,0.00380
KIARA,FEMALE,BLACK NON HISPANIC,13,1463,42,0.00380
LEILANI,FEMALE,BLACK NON HISPANIC,13,1464,42,0.00380
LYRIC,FEMALE,BLACK NON HISPANIC,13,1465,42,0.00380
MICHELLE,FEMALE,BLACK NON HISPANIC,13,1466,42,0.00380
NAHLA,FEMALE,BLACK NON HISPANIC,13,1467,42,0.00380
SANIYA,FEMALE,BLACK NON HISPANIC,13,1468,42,0.00380
SANIYAH,FEMALE,BLACK NON HISPANIC,13,1469,42,0.00380
SYMPHONY,FEMALE,BLACK NON HISPANIC,13,1470,42,0.00380
TIANNA,FEMALE,BLACK NON HISPANIC,13,1471,42,0.00380
ZARIA,FEMALE,BLACK NON HISPANIC,13,1472,42,0.00380
ALI,MALE,ASIAN AND PACIFIC ISLANDER,13,1473,53,0.00380
CALVIN,MALE,ASIAN AND PACIFIC ISLANDER,13,1474,53,0.00380
GABRIEL,MALE,ASIAN AND PACIFIC ISLANDER,13,1475,53,0.00380
HARRISON,MALE,ASIAN AND PACIFIC ISLANDER,13,1476,53,0.00380
ISAAC,MALE,ASIAN AND PACIFIC ISLANDER,13,1477,53,0.00380
JACKSON,MALE,ASIAN AND PACIFIC ISLANDER,13,1478,53,0.00380
MOHAMED,MALE,ASIAN AND PACIFIC ISLANDER,13,1479,53,0.00380
ABDOULAYE,MALE,BLACK NON HISPANIC,13,1480,61,0.00380
AUSTIN,MALE,BLACK NON HISPANIC,13,1481,61,0.00380
BENJAMIN,MALE,BLACK NON HISPANIC,13,1482,61,0.00380
CARMELO,MALE,BLACK NON HISPANIC,13,1483,61,0.00380
JAMAL,MALE,BLACK NON HISPANIC,13,1484,61,0.00380
JAMEL,MALE,BLACK NON HISPANIC,13,1485,61,0.00380
NEHEMIAH,MALE,BLACK NON HISPANIC,13,1486,61,0.00380
TROY,MALE,BLACK NON HISPANIC,13,1487,61,0.00380
AISHA,FEMALE,HISPANIC,13,1488,75,0.00380
ALESSANDRA,FEMALE,HISPANIC,13,1489,75,0.00380
ANNA,FEMALE,HISPANIC,13,1490,75,0.00380
ANNABELLE,FEMALE,HISPANIC,13,1491,75,0.00380
APRIL,FEMALE,HISPANIC,13,1492,75,0.00380
ASHLY,FEMALE,HISPANIC,13,1493,75,0.00380
CINDY,FEMALE,HISPANIC,13,1494,75,0.00380
GERALDINE,FEMALE,HISPANIC,13,1495,75,0.00380
HAYLEY,FEMALE,HISPANIC,13,1496,75,0.00380
HELEN,FEMALE,HISPANIC,13,1497,75,0.00380
ISIS,FEMALE,HISPANIC,13,1498,75,0.00380
JAYLIN,FEMALE,HISPANIC,13,1499,75,0.00380
KRYSTAL,FEMALE,HISPANIC,13,1500,75,0.00380
NATALY,FEMALE,HISPANIC,13,1501,75,0.00380
SHERLYN,FEMALE,HISPANIC,13,1502,75,0.00380
TAYLOR,FEMALE,HISPANIC,13,1503,75,0.00380
BRUCHY,FEMALE,WHITE NON HISPANIC,13,1504,78,0.00380
DAISY,FEMALE,WHITE NON HISPANIC,13,1505,78,0.00380
DANIELA,FEMALE,WHITE NON HISPANIC,13,1506,78,0.00380
DIANA,FEMALE,WHITE NON HISPANIC,13,1507,78,0.00380
ELISE,FEMALE,WHITE NON HISPANIC,13,1508,78,0.00380
IRIS,FEMALE,WHITE NON HISPANIC,13,1509,78,0.00380
KYLIE,FEMALE,WHITE NON HISPANIC,13,1510,78,0.00380
LARA,FEMALE,WHITE NON HISPANIC,13,1511,78,0.00380
LILLY,FEMALE,WHITE NON HISPANIC,13,1512,78,0.00380
LINA,FEMALE,WHITE NON HISPANIC,13,1513,78,0.00380
MILENA,FEMALE,WHITE NON HISPANIC,13,1514,78,0.00380
PAIGE,FEMALE,WHITE NON HISPANIC,13,1515,78,0.00380
PARKER,FEMALE,WHITE NON HISPANIC,13,1516,78,0.00380
REESE,FEMALE,WHITE NON HISPANIC,13,1517,78,0.00380
RIFKY,FEMALE,WHITE NON HISPANIC,13,1518,78,0.00380
ROIZY,FEMALE,WHITE NON HISPANIC,13,1519,78,0.00380
WILLA,FEMALE,WHITE NON HISPANIC,13,1520,78,0.00380
YACHET,FEMALE,WHITE NON HISPANIC,13,1521,78,0.00380
ADEN,MALE,HISPANIC,13,1522,91,0.00380
ALBERT,MALE,HISPANIC,13,1523,91,0.00380
AVERY,MALE,HISPANIC,13,1524,91,0.00380
CRISTOPHER,MALE,HISPANIC,13,1525,91,0.00380
EMILIANO,MALE,HISPANIC,13,1526,91,0.00380
ESTEBAN,MALE,HISPANIC,13,1527,91,0.00380
FREDDY,MALE,HISPANIC,13,1528,91,0.00380
GIOVANNY,MALE,HISPANIC,13,1529,91,0.00380
IKER,MALE,HISPANIC,13,1530,91,0.00380
KADEN,MALE,HISPANIC,13,1531,91,0.00380
MAXIMILIANO,MALE,HISPANIC,13,1532,91,0.00380
SERGIO,MALE,HISPANIC,13,1533,91,0.00380
TRAVIS,MALE,HISPANIC,13,1534,91,0.00380
YERIK,MALE,HISPANIC,13,1535,91,0.00380
ZION,MALE,HISPANIC,13,1536,91,0.00380
AMROM,MALE,WHITE NON HISPANIC,13,1537,94,0.00380
BENZION,MALE,WHITE NON HISPANIC,13,1538,94,0.00380
BRADY,MALE,WHITE NON HISPANIC,13,1539,94,0.00380
CONOR,MALE,WHITE NON HISPANIC,13,1540,94,0.00380
FILIP,MALE,WHITE NON HISPANIC,13,1541,94,0.00380
IVAN,MALE,WHITE NON HISPANIC,13,1542,94,0.00380
JUDE,MALE,WHITE NON HISPANIC,13,1543,94,0.00380
KIERAN,MALE,WHITE NON HISPANIC,13,1544,94,0.00380
LANDON,MALE,WHITE NON HISPANIC,13,1545,94,0.00380
NICO,MALE,WHITE NON HISPANIC,13,1546,94,0.00380
PINCHUS,MALE,WHITE NON HISPANIC,13,1547,94,0.00380
QUINN,MALE,WHITE NON HISPANIC,13,1548,94,0.00380
REID,MALE,WHITE NON HISPANIC,13,1549,94,0.00380
SHLOIMY,MALE,WHITE NON HISPANIC,13,1550,94,0.00380
VINCENZO,MALE,WHITE NON HISPANIC,13,1551,94,0.00380
YIDA,MALE,WHITE NON HISPANIC,13,1552,94,0.00380
SARAH,FEMALE,HISPANIC,53,304,38,0.00377
VALERIE,FEMALE,HISPANIC,53,305,38,0.00377
CRISTIAN,MALE,HISPANIC,53,306,56,0.00377
NICOLAS,MALE,HISPANIC,53,307,56,0.00377
DANNA,FEMALE,HISPANIC,39,436,50,0.00376
JORGE,MALE,HISPANIC,39,443,65,0.00376
OMAR,MALE,HISPANIC,39,444,65,0.00376
LAYLA,FEMALE,HISPANIC,52,317,39,0.00370
GISELLE,FEMALE,HISPANIC,38,454,51,0.00366
SAVANNAH,FEMALE,HISPANIC,38,455,51,0.00366
ALAN,MALE,HISPANIC,38,461,66,0.00366
ELI,MALE,HISPANIC,38,462,66,0.00366
JAVIER,MALE,HISPANIC,38,463,66,0.00366
JEAN,MALE,HISPANIC,38,464,66,0.00366
RICHARD,MALE,HISPANIC,38,465,66,0.00366
DANIELLA,FEMALE,WHITE NON HISPANIC,41,416,50,0.00363
DINA,FEMALE,WHITE NON HISPANIC,41,417,50,0.00363
GIULIANA,FEMALE,WHITE NON HISPANIC,41,418,50,0.00363
DIANA,FEMALE,HISPANIC,51,326,40,0.00363
JAYLEEN,FEMALE,HISPANIC,51,327,40,0.00363
MICHELLE,FEMALE,HISPANIC,51,328,40,0.00363
ANDRES,MALE,HISPANIC,51,330,57,0.00363
BENJAMIN,MALE,HISPANIC,51,331,57,0.00363
JADIEL,MALE,HISPANIC,51,332,57,0.00363
KYLIE,FEMALE,HISPANIC,37,475,52,0.00356
SERENITY,FEMALE,HISPANIC,37,476,52,0.00356
ANDY,MALE,HISPANIC,37,478,67,0.00356
JACE,MALE,HISPANIC,37,479,67,0.00356
BAILA,FEMALE,WHITE NON HISPANIC,40,427,51,0.00355
NATALIE,FEMALE,WHITE NON HISPANIC,40,428,51,0.00355
SOLOMON,MALE,WHITE NON HISPANIC,48,351,60,0.00353
ALEENA,FEMALE,ASIAN AND PACIFIC ISLANDER,12,1553,36,0.00351
ALIYAH,FEMALE,ASIAN AND PACIFIC ISLANDER,12,1554,36,0.00351
ARIA,FEMALE,ASIAN AND PACIFIC ISLANDER,12,1555,36,0.00351
ARYA,FEMALE,ASIAN AND PACIFIC ISLANDER,12,1556,36,0.00351
CECILIA,FEMALE,ASIAN AND PACIFIC ISLANDER,12,1557,36,0.00351
CHRISTY,FEMALE,ASIAN AND PACIFIC ISLANDER,12,1558,36,0.00351
DIYA,FEMALE,ASIAN AND PACIFIC ISLANDER,12,1559,36,0.00351
ELENA,FEMALE,ASIAN AND PACIFIC ISLANDER,12,1560,36,0.00351
ERIKA,FEMALE,ASIAN AND PACIFIC ISLANDER,12,1561,36,0.00351
ISABEL,FEMALE,ASIAN AND PACIFIC ISLANDER,12,1562,36,0.00351
JIA,FEMALE,ASIAN AND PACIFIC ISLANDER,12,1563,36,0.00351
MANDY,FEMALE,ASIAN AND PACIFIC ISLANDER,12,1564,36,0.00351
MINA,FEMALE,ASIAN AND PACIFIC ISLANDER,12,1565,36,0.00351
SHIRLEY,FEMALE,ASIAN AND PACIFIC ISLANDER,12,1566,36,0.00351
ANAYA,FEMALE,BLACK NON HISPANIC,12,1567,43,0.00351
BROOKE,FEMALE,BLACK NON HISPANIC,12,1568,43,0.00351
CAMILLE,FEMALE,BLACK NON HISPANIC,12,1569,43,0.00351
FATOU,FEMALE,BLACK NON HISPANIC,12,1570,43,0.00351
JANIYAH,FEMALE,BLACK NON HISPANIC,12,1571,43,0.00351
KENDRA,FEMALE,BLACK NON HISPANIC,12,1572,43,0.00351
KYLA,FEMALE,BLACK NON HISPANIC,12,1573,43,0.00351
NATALIA,FEMALE,BLACK NON HISPANIC,12,1574,43,0.00351
REBECCA,FEMALE,BLACK NON HISPANIC,12,1575,43,0.00351
TARAJI,FEMALE,BLACK NON HISPANIC,12,1576,43,0.00351
ELIJAH,MALE,ASIAN AND PACIFIC ISLANDER,12,1577,54,0.00351
GEORGE,MALE,ASIAN AND PACIFIC ISLANDER,12,1578,54,0.00351
KAI,MALE,ASIAN AND PACIFIC ISLANDER,12,1579,54,0.00351
NELSON,MALE,ASIAN AND PACIFIC ISLANDER,12,1580,54,0.00351
ZACHARY,MALE,ASIAN AND PACIFIC ISLANDER,12,1581,54,0.00351
ZAIN,MALE,ASIAN AND PACIFIC ISLANDER,12,1582,54,0.00351
AMAR'E,MALE,BLACK NON HISPANIC,12,1583,62,0.00351
CHAD,MALE,BLACK NON HISPANIC,12,1584,62,0.00351
DARIUS,MALE,BLACK NON HISPANIC,12,1585,62,0.00351
DARREN,MALE,BLACK NON HISPANIC,12,1586,62,0.00351
HAYDEN,MALE,BLACK NON HISPANIC,12,1587,62,0.00351
HUNTER,MALE,BLACK NON HISPANIC,12,1588,62,0.00351
JAMIR,MALE,BLACK NON HISPANIC,12,1589,62,0.00351
JARED,MALE,BLACK NON HISPANIC,12,1590,62,0.00351
JESSE,MALE,BLACK NON HISPANIC,12,1591,62,0.00351
KEITH,MALE,BLACK NON HISPANIC,12,1592,62,0.00351
KIYAN,MALE,BLACK NON HISPANIC,12,1593,62,0.00351
LUCAS,MALE,BLACK NON HISPANIC,12,1594,62,0.00351
SETH,MALE,BLACK NON HISPANIC,12,1595,62,0.00351
STEVEN,MALE,BLACK NON HISPANIC,12,1596,62,0.00351
VICTOR,MALE,BLACK NON HISPANIC,12,1597,62,0.00351
AIMEE,FEMALE,HISPANIC,12,1598,76,0.00351
ARELY,FEMALE,HISPANIC,12,1599,76,0.00351
ATHENA,FEMALE,HISPANIC,12,1600,76,0.00351
BRITNEY,FEMALE,HISPANIC,12,1601,76,0.00351
CARMEN,FEMALE,HISPANIC,12,1602,76,0.00351
CAROLINE,FEMALE,HISPANIC,12,1603,76,0.00351
DANIELLE,FEMALE,HISPANIC,12,1604,76,0.00351
ELIANNY,FEMALE,HISPANIC,12,1605,76,0.00351
FATIMA,FEMALE,HISPANIC,12,1606,76,0.00351
JANELLE,FEMALE,HISPANIC,12,1607,76,0.00351
JAYLAH,FEMALE,HISPANIC,12,1608,76,0.00351
JOHANNA,FEMALE,HISPANIC,12,1609,76,0.00351
KATIE,FEMALE,HISPANIC,12,1610,76,0.00351
KAYLIN,FEMALE,HISPANIC,12,1611,76,0.00351
KEYLA,FEMALE,HISPANIC,12,1612,76,0.00351
LESLEY,FEMALE,HISPANIC,12,1613,76,0.00351
LINDSAY,FEMALE,HISPANIC,12,1614,76,0.00351
MARIANA,FEMALE,HISPANIC,12,1615,76,0.00351
PERLA,FEMALE,HISPANIC,12,1616,76,0.00351
RILEY,FEMALE,HISPANIC,12,1617,76,0.00351
SAMARA,FEMALE,HISPANIC,12,1618,76,0.00351
SKYLAR,FEMALE,HISPANIC,12,1619,76,0.00351
SOPHIE,FEMALE,HISPANIC,12,1620,76,0.00351
WENDY,FEMALE,HISPANIC,12,1621,76,0.00351
ADELINE,FEMALE,WHITE NON HISPANIC,12,1622,79,0.00351
BARBARA,FEMALE,WHITE NON HISPANIC,12,1623,79,0.00351
CASEY,FEMALE,WHITE NON HISPANIC,12,1624,79,0.00351
GENEVIEVE,FEMALE,WHITE NON HISPANIC,12,1625,79,0.00351
GRETA,FEMALE,WHITE NON HISPANIC,12,1626,79,0.00351
KATHRYN,FEMALE,WHITE NON HISPANIC,12,1627,79,0.00351
LEORA,FEMALE,WHITE NON HISPANIC,12,1628,79,0.00351
LILAH,FEMALE,WHITE NON HISPANIC,12,1629,79,0.00351
MAKAYLA,FEMALE,WHITE NON HISPANIC,12,1630,79,0.00351
MELANIE,FEMALE,WHITE NON HISPANIC,12,1631,79,0.00351
MIKAYLA,FEMALE,WHITE NON HISPANIC,12,1632,79,0.00351
RIFKA,FEMALE,WHITE NON HISPANIC,12,1633,79,0.00351
RUCHY,FEMALE,WHITE NON HISPANIC,12,1634,79,0.00351
TZIPORA,FEMALE,WHITE NON HISPANIC,12,1635,79,0.00351
ABDIEL,MALE,HISPANIC,12,1636,92,0.00351
EDDIE,MALE,HISPANIC,12,1637,92,0.00351
FELIX,MALE,HISPANIC,12,1638,92,0.00351
GERARDO,MALE,HISPANIC,12,1639,92,0.00351
JAYCE,MALE,HISPANIC,12,1640,92,0.00351
JOHANN,MALE,HISPANIC,12,1641,92,0.00351
LEONEL,MALE,HISPANIC,12,1642,92,0.00351
MAURICIO,MALE,HISPANIC,12,1643,92,0.00351
MAXIMO,MALE,HISPANIC,12,1644,92,0.00351
MELVIN,MALE,HISPANIC,12,1645,92,0.00351
OWEN,MALE,HISPANIC,12,1646,92,0.00351
PATRICK,MALE,HISPANIC,12,1647,92,0.00351
YANDEL,MALE,HISPANIC,12,1648,92,0.00351
YARIEL,MALE,HISPANIC,12,1649,92,0.00351
AVI,MALE,WHITE NON HISPANIC,12,1650,95,0.00351
BECKETT,MALE,WHITE NON HISPANIC,12,1651,95,0.00351
DASHIELL,MALE,WHITE NON HISPANIC,12,1652,95,0.00351
ELLIOTT,MALE,WHITE NON HISPANIC,12,1653,95,0.00351
JESSE,MALE,WHITE NON HISPANIC,12,1654,95,0.00351
MICAH,MALE,WHITE NON HISPANIC,12,1655,95,0.00351
ROMAN,MALE,WHITE NON HISPANIC,12,1656,95,0.00351
ROWAN,MALE,WHITE NON HISPANIC,12,1657,95,0.00351
YOUSEF,MALE,WHITE NON HISPANIC,12,1658,95,0.00351
ELEANOR,FEMALE,WHITE NON HISPANIC,39,437,52,0.00346
EVELYN,FEMALE,WHITE NON HISPANIC,39,438,52,0.00346
MADELINE,FEMALE,WHITE NON HISPANIC,39,439,52,0.00346
MARIA,FEMALE,WHITE NON HISPANIC,39,440,52,0.00346
NINA,FEMALE,WHITE NON HISPANIC,39,441,52,0.00346
TOBY,FEMALE,WHITE NON HISPANIC,39,442,52,0.00346
MEIR,MALE,WHITE NON HISPANIC,47,360,61,0.00346
SIMON,MALE,WHITE NON HISPANIC,47,361,61,0.00346
ZEV,MALE,WHITE NON HISPANIC,47,362,61,0.00346
DOV,MALE,WHITE NON HISPANIC,46,372,62,0.00338
JUSTIN,MALE,WHITE NON HISPANIC,46,373,62,0.00338
MILES,MALE,WHITE NON HISPANIC,46,374,62,0.00338
NATHANIEL,MALE,WHITE NON HISPANIC,46,375,62,0.00338
CHANY,FEMALE,WHITE NON HISPANIC,38,456,53,0.00337
JULIANA,FEMALE,WHITE NON HISPANIC,38,457,53,0.00337
PENELOPE,FEMALE,WHITE NON HISPANIC,38,458,53,0.00337
SIENNA,FEMALE,WHITE NON HISPANIC,38,459,53,0.00337
VIOLET,FEMALE,WHITE NON HISPANIC,38,460,53,0.00337
YAAKOV,MALE,WHITE NON HISPANIC,45,382,63,0.00331
HINDY,FEMALE,WHITE NON HISPANIC,37,477,54,0.00328
BRANDON,MALE,WHITE NON HISPANIC,44,389,64,0.00324
SHMUEL,MALE,WHITE NON HISPANIC,44,390,64,0.00324
ARIANNA,FEMALE,ASIAN AND PACIFIC ISLANDER,11,1659,37,0.00322
CHRISTINE,FEMALE,ASIAN AND PACIFIC ISLANDER,11,1660,37,0.00322
DAISY,FEMALE,ASIAN AND PACIFIC ISLANDER,11,1661,37,0.00322
ELINA,FEMALE,ASIAN AND PACIFIC ISLANDER,11,1662,37,0.00322
ESHAL,FEMALE,ASIAN AND PACIFIC ISLANDER,11,1663,37,0.00322
ISABELLE,FEMALE,ASIAN AND PACIFIC ISLANDER,11,1664,37,0.00322
KAITLYN,FEMALE,ASIAN AND PACIFIC ISLANDER,11,1665,37,0.00322
KYLIE,FEMALE,ASIAN AND PACIFIC ISLANDER,11,1666,37,0.00322
RAINA,FEMALE,ASIAN AND PACIFIC ISLANDER,11,1667,37,0.00322
STELLA,FEMALE,ASIAN AND PACIFIC ISLANDER,11,1668,37,0.00322
ALICIA,FEMALE,BLACK NON HISPANIC,11,1669,44,0.00322
ANGELINA,FEMALE,BLACK NON HISPANIC,11,1670,44,0.00322
DYLAN,FEMALE,BLACK NON HISPANIC,11,1671,44,0.00322
EDEN,FEMALE,BLACK NON HISPANIC,11,1672,44,0.00322
ESSENCE,FEMALE,BLACK NON HISPANIC,11,1673,44,0.00322
EVA,FEMALE,BLACK NON HISPANIC,11,1674,44,0.00322
JANELLE,FEMALE,BLACK NON HISPANIC,11,1675,44,0.00322
KELSEY,FEMALE,BLACK NON HISPANIC,11,1676,44,0.00322
NATALIE,FEMALE,BLACK NON HISPANIC,11,1677,44,0.00322
SAMARA,FEMALE,BLACK NON HISPANIC,11,1678,44,0.00322
SHANIYA,FEMALE,BLACK NON HISPANIC,11,1679,44,0.00322
ZARA,FEMALE,BLACK NON HISPANIC,11,1680,44,0.00322
CONNOR,MALE,ASIAN AND PACIFIC ISLANDER,11,1681,55,0.00322
ELVIS,MALE,ASIAN AND PACIFIC ISLANDER,11,1682,55,0.00322
JULIAN,MALE,ASIAN AND PACIFIC ISLANDER,11,1683,55,0.00322
LUKE,MALE,ASIAN AND PACIFIC ISLANDER,11,1684,55,0.00322
PETER,MALE,ASIAN AND PACIFIC ISLANDER,11,1685,55,0.00322
TERRY,MALE,ASIAN AND PACIFIC ISLANDER,11,1686,55,0.00322
TRAVIS,MALE,ASIAN AND PACIFIC ISLANDER,11,1687,55,0.00322
ADONIS,MALE,BLACK NON HISPANIC,11,1688,63,0.00322
AHMED,MALE,BLACK NON HISPANIC,11,1689,63,0.00322
ALI,MALE,BLACK NON HISPANIC,11,1690,63,0.00322
CAYDEN,MALE,BLACK NON HISPANIC,11,1691,63,0.00322
IBRAHIMA,MALE,BLACK NON HISPANIC,11,1692,63,0.00322
ISIAH,MALE,BLACK NON HISPANIC,11,1693,63,0.00322
JACKSON,MALE,BLACK NON HISPANIC,11,1694,63,0.00322
JELANI,MALE,BLACK NON HISPANIC,11,1695,63,0.00322
JUSTICE,MALE,BLACK NON HISPANIC,11,1696,63,0.00322
LANDON,MALE,BLACK NON HISPANIC,11,1697,63,0.00322
MALCOLM,MALE,BLACK NON HISPANIC,11,1698,63,0.00322
MARC,MALE,BLACK NON HISPANIC,11,1699,63,0.00322
MOUSSA,MALE,BLACK NON HISPANIC,11,1700,63,0.00322
NICOLAS,MALE,BLACK NON HISPANIC,11,1701,63,0.00322
SEBASTIAN,MALE,BLACK NON HISPANIC,11,1702,63,0.00322
TERRENCE,MALE,BLACK NON HISPANIC,11,1703,63,0.00322
ALANA,FEMALE,HISPANIC,11,1704,77,0.00322
ALYSON,FEMALE,HISPANIC,11,1705,77,0.00322
ANAYA,FEMALE,HISPANIC,11,1706,77,0.00322
ANGELY,FEMALE,HISPANIC,11,1707,77,0.00322
BRIELLE,FEMALE,HISPANIC,11,1708,77,0.00322
CAROLINA,FEMALE,HISPANIC,11,1709,77,0.00322
CELESTE,FEMALE,HISPANIC,11,1710,77,0.00322
CHARLOTTE,FEMALE,HISPANIC,11,1711,77,0.00322
CHRISTINA,FEMALE,HISPANIC,11,1712,77,0.00322
CLARA,FEMALE,HISPANIC,11,1713,77,0.00322
DAMARIS,FEMALE,HISPANIC,11,1714,77,0.00322
ELIANNA,FEMALE,HISPANIC,11,1715,77,0.00322
IMANI,FEMALE,HISPANIC,11,1716,77,0.00322
INGRID,FEMALE,HISPANIC,11,1717,77,0.00322
IRENE,FEMALE,HISPANIC,11,1718,77,0.00322
JAELYNN,FEMALE,HISPANIC,11,1719,77,0.00322
JAMIE,FEMALE,HISPANIC,11,1720,77,0.00322
JASLENE,FEMALE,HISPANIC,11,1721,77,0.00322
JIMENA,FEMALE,HISPANIC,11,1722,77,0.00322
KAELYN,FEMALE,HISPANIC,11,1723,77,0.00322
KAILYN,FEMALE,HISPANIC,11,1724,77,0.00322
MEGAN,FEMALE,HISPANIC,11,1725,77,0.00322
MIRANDA,FEMALE,HISPANIC,11,1726,77,0.00322
MIRIAM,FEMALE,HISPANIC,11,1727,77,0.00322
NATASHA,FEMALE,HISPANIC,11,1728,77,0.00322
NINA,FEMALE,HISPANIC,11,1729,77,0.00322
NOEMI,FEMALE,HISPANIC,11,1730,77,0.00322
RAQUEL,FEMALE,HISPANIC,11,1731,77,0.00322
ROSE,FEMALE,HISPANIC,11,1732,77,0.00322
SADIE,FEMALE,HISPANIC,11,1733,77,0.00322
STELLA,FEMALE,HISPANIC,11,1734,77,0.00322
STEPHANY,FEMALE,HISPANIC,11,1735,77,0.00322
TATIANA,FEMALE,HISPANIC,11,1736,77,0.00322
TIANA,FEMALE,HISPANIC,11,1737,77,0.00322
VIVIANA,FEMALE,HISPANIC,11,1738,77,0.00322
YAMILET,FEMALE,HISPANIC,11,1739,77,0.00322
ALICIA,FEMALE,WHITE NON HISPANIC,11,1740,80,0.00322
ALINA,FEMALE,WHITE NON HISPANIC,11,1741,80,0.00322
AMIRA,FEMALE,WHITE NON HISPANIC,11,1742,80,0.00322
AMY,FEMALE,WHITE NON HISPANIC,11,1743,80,0.00322
AVIGAIL,FEMALE,WHITE NON HISPANIC,11,1744,80,0.00322
CAITLIN,FEMALE,WHITE NON HISPANIC,11,1745,80,0.00322
CAMERON,FEMALE,WHITE NON HISPANIC,11,1746,80,0.00322
ELLIANA,FEMALE,WHITE NON HISPANIC,11,1747,80,0.00322
FINLEY,FEMALE,WHITE NON HISPANIC,11,1748,80,0.00322
HADASSA,FEMALE,WHITE NON HISPANIC,11,1749,80,0.00322
HANNA,FEMALE,WHITE NON HISPANIC,11,1750,80,0.00322
JORDYN,FEMALE,WHITE NON HISPANIC,11,1751,80,0.00322
KAYLEE,FEMALE,WHITE NON HISPANIC,11,1752,80,0.00322
KIRA,FEMALE,WHITE NON HISPANIC,11,1753,80,0.00322
PIPER,FEMALE,WHITE NON HISPANIC,11,1754,80,0.00322
RUTH,FEMALE,WHITE NON HISPANIC,11,1755,80,0.00322
SYLVIA,FEMALE,WHITE NON HISPANIC,11,1756,80,0.00322
TAMAR,FEMALE,WHITE NON HISPANIC,11,1757,80,0.00322
VALERIE,FEMALE,WHITE NON HISPANIC,11,1758,80,0.00322
VERONIKA,FEMALE,WHITE NON HISPANIC,11,1759,80,0.00322
ARMANDO,MALE,HISPANIC,11,1760,93,0.00322
CRISTOFER,MALE,HISPANIC,11,1761,93,0.00322
DERECK,MALE,HISPANIC,11,1762,93,0.00322
EDISON,MALE,HISPANIC,11,1763,93,0.00322
EZEKIEL,MALE,HISPANIC,11,1764,93,0.00322
EZEQUIEL,MALE,HISPANIC,11,1765,93,0.00322
JAIME,MALE,HISPANIC,11,1766,93,0.00322
JANUEL,MALE,HISPANIC,11,1767,93,0.00322
JENCARLOS,MALE,HISPANIC,11,1768,93,0.00322
JERRY,MALE,HISPANIC,11,1769,93,0.00322
LEO,MALE,HISPANIC,11,1770,93,0.00322
LUKAS,MALE,HISPANIC,11,1771,93,0.00322
ROBERTO,MALE,HISPANIC,11,1772,93,0.00322
ROGER,MALE,HISPANIC,11,1773,93,0.00322
ROYCE,MALE,HISPANIC,11,1774,93,0.00322
WILSON,MALE,HISPANIC,11,1775,93,0.00322
ALEC,MALE,WHITE NON HISPANIC,11,1776,96,0.00322
ALLEN,MALE,WHITE NON HISPANIC,11,1777,96,0.00322
AVRUM,MALE,WHITE NON HISPANIC,11,1778,96,0.00322
CARMINE,MALE,WHITE NON HISPANIC,11,1779,96,0.00322
DENNIS,MALE,WHITE NON HISPANIC,11,1780,96,0.00322
GREYSON,MALE,WHITE NON HISPANIC,11,1781,96,0.00322
HUGO,MALE,WHITE NON HISPANIC,11,1782,96,0.00322
KACPER,MALE,WHITE NON HISPANIC,11,1783,96,0.00322
MAKSIM,MALE,WHITE NON HISPANIC,11,1784,96,0.00322
MEILECH,MALE,WHITE NON HISPANIC,11,1785,96,0.00322
MENASHE,MALE,WHITE NON HISPANIC,11,1786,96,0.00322
MENDY,MALE,WHITE NON HISPANIC,11,1787,96,0.00322
MORRIS,MALE,WHITE NON HISPANIC,11,1788,96,0.00322
NOAM,MALE,WHITE NON HISPANIC,11,1789,96,0.00322
NOLAN,MALE,WHITE NON HISPANIC,11,1790,96,0.00322
SANTINO,MALE,WHITE NON HISPANIC,11,1791,96,0.00322
SHALOM,MALE,WHITE NON HISPANIC,11,1792,96,0.00322
SHNEUR,MALE,WHITE NON HISPANIC,11,1793,96,0.00322
YASEEN,MALE,WHITE NON HISPANIC,11,1794,96,0.00322
YECHEZKEL,MALE,WHITE NON HISPANIC,11,1795,96,0.00322
YIDEL,MALE,WHITE NON HISPANIC,11,1796,96,0.00322
YOUSSEF,MALE,WHITE NON HISPANIC,11,1797,96,0.00322
ELIANA,FEMALE,WHITE NON HISPANIC,36,492,55,0.00319
JULIET,FEMALE,WHITE NON HISPANIC,36,493,55,0.00319
MOLLY,FEMALE,WHITE NON HISPANIC,36,494,55,0.00319
CLAIRE,FEMALE,WHITE NON HISPANIC,35,512,56,0.00310
MICHELLE,FEMALE,WHITE NON HISPANIC,35,513,56,0.00310
ROSE,FEMALE,WHITE NON HISPANIC,35,514,56,0.00310
SYDNEY,FEMALE,WHITE NON HISPANIC,35,515,56,0.00310
SHULEM,MALE,WHITE NON HISPANIC,42,408,65,0.00309
EDWARD,MALE,WHITE NON HISPANIC,41,419,66,0.00302
TZVI,MALE,WHITE NON HISPANIC,41,420,66,0.00302
HAILEY,FEMALE,WHITE NON HISPANIC,34,528,57,0.00301
ISABEL,FEMALE,WHITE NON HISPANIC,34,529,57,0.00301
LILA,FEMALE,WHITE NON HISPANIC,34,530,57,0.00301
NOA,FEMALE,WHITE NON HISPANIC,34,531,57,0.00301
SABRINA,FEMALE,WHITE NON HISPANIC,34,532,57,0.00301
DOVID,MALE,WHITE NON HISPANIC,40,429,67,0.00294
HARRISON,MALE,WHITE NON HISPANIC,40,430,67,0.00294
LEVI,MALE,WHITE NON HISPANIC,40,431,67,0.00294
AIZA,FEMALE,ASIAN AND PACIFIC ISLANDER,10,1798,38,0.00293
ALEXA,FEMALE,ASIAN AND PACIFIC ISLANDER,10,1799,38,0.00293
ALISHA,FEMALE,ASIAN AND PACIFIC ISLANDER,10,1800,38,0.00293
ANGIE,FEMALE,ASIAN AND PACIFIC ISLANDER,10,1801,38,0.00293
ANNABELLE,FEMALE,ASIAN AND PACIFIC ISLANDER,10,1802,38,0.00293
BONNIE,FEMALE,ASIAN AND PACIFIC ISLANDER,10,1803,38,0.00293
HELEN,FEMALE,ASIAN AND PACIFIC ISLANDER,10,1804,38,0.00293
KATE,FEMALE,ASIAN AND PACIFIC ISLANDER,10,1805,38,0.00293
LEELA,FEMALE,ASIAN AND PACIFIC ISLANDER,10,1806,38,0.00293
MAGGIE,FEMALE,ASIAN AND PACIFIC ISLANDER,10,1807,38,0.00293
MEGAN,FEMALE,ASIAN AND PACIFIC ISLANDER,10,1808,38,0.00293
RENEE,FEMALE,ASIAN AND PACIFIC ISLANDER,10,1809,38,0.00293
TANISHA,FEMALE,ASIAN AND PACIFIC ISLANDER,10,1810,38,0.00293
BEATRICE,FEMALE,WHITE NON HISPANIC,33,549,58,0.00293
BROOKE,FEMALE,WHITE NON HISPANIC,33,550,58,0.00293
CATHERINE,FEMALE,WHITE NON HISPANIC,33,551,58,0.00293
EMILIA,FEMALE,WHITE NON HISPANIC,33,552,58,0.00293
FRANCESCA,FEMALE,WHITE NON HISPANIC,33,553,58,0.00293
GOLDY,FEMALE,WHITE NON HISPANIC,33,554,58,0.00293
JOSEPHINE,FEMALE,WHITE NON HISPANIC,33,555,58,0.00293
JAYDEN,MALE,WHITE NON HISPANIC,39,445,68,0.00287
BRIANNA,FEMALE,WHITE NON HISPANIC,32,581,59,0.00284
SADIE,FEMALE,WHITE NON HISPANIC,32,582,59,0.00284
YITTY,FEMALE,WHITE NON HISPANIC,32,583,59,0.00284
AVRAHAM,MALE,WHITE NON HISPANIC,38,466,69,0.00279
ELIEZER,MALE,WHITE NON HISPANIC,38,467,69,0.00279
MAXWELL,MALE,WHITE NON HISPANIC,38,468,69,0.00279
MOHAMED,MALE,WHITE NON HISPANIC,38,469,69,0.00279
MILA,FEMALE,WHITE NON HISPANIC,31,600,60,0.00275
SCARLETT,FEMALE,WHITE NON HISPANIC,31,601,60,0.00275
VALENTINA,FEMALE,WHITE NON HISPANIC,31,602,60,0.00275
COLE,MALE,WHITE NON HISPANIC,37,480,70,0.00272
FIONA,FEMALE,WHITE NON HISPANIC,30,623,61,0.00266
HARPER,FEMALE,WHITE NON HISPANIC,30,624,61,0.00266
VIVIAN,FEMALE,WHITE NON HISPANIC,30,625,61,0.00266
ELIYAHU,MALE,WHITE NON HISPANIC,36,496,71,0.00265
MENDEL,MALE,WHITE NON HISPANIC,36,497,71,0.00265
SALVATORE,MALE,WHITE NON HISPANIC,36,498,71,0.00265
SEAN,MALE,WHITE NON HISPANIC,36,499,71,0.00265
ADRIAN,MALE,WHITE NON HISPANIC,35,518,72,0.00257
ELIJAH,MALE,WHITE NON HISPANIC,35,519,72,0.00257
GIOVANNI,MALE,WHITE NON HISPANIC,35,520,72,0.00257
JASON,MALE,WHITE NON HISPANIC,35,521,72,0.00257
SAM,MALE,WHITE NON HISPANIC,35,522,72,0.00257
ADRIANA,FEMALE,WHITE NON HISPANIC,29,647,62,0.00257
LAYLA,FEMALE,WHITE NON HISPANIC,29,648,62,0.00257
LEA,FEMALE,WHITE NON HISPANIC,29,649,62,0.00257
LENA,FEMALE,WHITE NON HISPANIC,29,650,62,0.00257
LILIANA,FEMALE,WHITE NON HISPANIC,29,651,62,0.00257
ALEX,MALE,WHITE NON HISPANIC,34,535,73,0.00250
JUDAH,MALE,WHITE NON HISPANIC,34,536,73,0.00250
VICTOR,MALE,WHITE NON HISPANIC,34,537,73,0.00250
ALYSSA,FEMALE,WHITE NON HISPANIC,28,675,63,0.00248
ARIANNA,FEMALE,WHITE NON HISPANIC,28,676,63,0.00248
CLARA,FEMALE,WHITE NON HISPANIC,28,677,63,0.00248
JULIANNA,FEMALE,WHITE NON HISPANIC,28,678,63,0.00248
RILEY,FEMALE,WHITE NON HISPANIC,28,679,63,0.00248
RUBY,FEMALE,WHITE NON HISPANIC,28,680,63,0.00248
ALI,MALE,WHITE NON HISPANIC,33,560,74,0.00243
ELLIOT,MALE,WHITE NON HISPANIC,33,561,74,0.00243
EZRA,MALE,WHITE NON HISPANIC,33,562,74,0.00243
OMAR,MALE,WHITE NON HISPANIC,33,563,74,0.00243
ALEXIS,FEMALE,WHITE NON HISPANIC,27,706,64,0.00239
ANNABELLE,FEMALE,WHITE NON HISPANIC,27,707,64,0.00239
ARIANA,FEMALE,WHITE NON HISPANIC,27,708,64,0.00239
JANE,FEMALE,WHITE NON HISPANIC,27,709,64,0.00239
COLIN,MALE,WHITE NON HISPANIC,32,587,75,0.00235
DECLAN,MALE,WHITE NON HISPANIC,32,588,75,0.00235
JORDAN,MALE,WHITE NON HISPANIC,32,589,75,0.00235
SIMCHA,MALE,WHITE NON HISPANIC,32,590,75,0.00235
STEVEN,MALE,WHITE NON HISPANIC,32,591,75,0.00235
CALEB,MALE,WHITE NON HISPANIC,31,608,76,0.00228
MOSES,MALE,WHITE NON HISPANIC,31,609,76,0.00228
AISHA,FEMALE,BLACK NON HISPANIC,10,1811,45,0.00227
CHEYENNE,FEMALE,BLACK NON HISPANIC,10,1812,45,0.00227
ERIN,FEMALE,BLACK NON HISPANIC,10,1813,45,0.00227
JALIYAH,FEMALE,BLACK NON HISPANIC,10,1814,45,0.00227
JULIA,FEMALE,BLACK NON HISPANIC,10,1815,45,0.00227
KAI,FEMALE,BLACK NON HISPANIC,10,1816,45,0.00227
KAMIYAH,FEMALE,BLACK NON HISPANIC,10,1817,45,0.00227
KENYA,FEMALE,BLACK NON HISPANIC,10,1818,45,0.00227
MACKENZIE,FEMALE,BLACK NON HISPANIC,10,1819,45,0.00227
MARYAM,FEMALE,BLACK NON HISPANIC,10,1820,45,0.00227
NANA,FEMALE,BLACK NON HISPANIC,10,1821,45,0.00227
RACHEL,FEMALE,BLACK NON HISPANIC,10,1822,45,0.00227
SAMIYA,FEMALE,BLACK NON HISPANIC,10,1823,45,0.00227
SORAYA,FEMALE,BLACK NON HISPANIC,10,1824,45,0.00227
TABITHA,FEMALE,BLACK NON HISPANIC,10,1825,45,0.00227
ZAHARA,FEMALE,BLACK NON HISPANIC,10,1826,45,0.00227
ZANIYAH,FEMALE,BLACK NON HISPANIC,10,1827,45,0.00227
ZURI,FEMALE,BLACK NON HISPANIC,10,1828,45,0.00227
ARI,MALE,WHITE NON HISPANIC,30,629,77,0.00221
ARIEL,MALE,WHITE NON HISPANIC,30,630,77,0.00221
BRIAN,MALE,WHITE NON HISPANIC,30,631,77,0.00221
COOPER,MALE,WHITE NON HISPANIC,30,632,77,0.00221
JOEL,MALE,WHITE NON HISPANIC,30,633,77,0.00221
MATTEO,MALE,WHITE NON HISPANIC,30,634,77,0.00221
OSCAR,MALE,WHITE NON HISPANIC,30,635,77,0.00221
SHIA,MALE,WHITE NON HISPANIC,30,636,77,0.00221
CODY,MALE,ASIAN AND PACIFIC ISLANDER,10,1829,56,0.00215
EASON,MALE,ASIAN AND PACIFIC ISLANDER,10,1830,56,0.00215
HAYDEN,MALE,ASIAN AND PACIFIC ISLANDER,10,1831,56,0.00215
ISHAAN,MALE,ASIAN AND PACIFIC ISLANDER,10,1832,56,0.00215
LOUIS,MALE,ASIAN AND PACIFIC ISLANDER,10,1833,56,0.00215
MILES,MALE,ASIAN AND PACIFIC ISLANDER,10,1834,56,0.00215
OLIVER,MALE,ASIAN AND PACIFIC ISLANDER,10,1835,56,0.00215
RAYAN,MALE,ASIAN AND PACIFIC ISLANDER,10,1836,56,0.00215
SHAWN,MALE,ASIAN AND PACIFIC ISLANDER,10,1837,56,0.00215
XAVIER,MALE,ASIAN AND PACIFIC ISLANDER,10,1838,56,0.00215
ZAYAN,MALE,ASIAN AND PACIFIC ISLANDER,10,1839,56,0.00215
ARTHUR,MALE,WHITE NON HISPANIC,29,656,78,0.00213
FRANK,MALE,WHITE NON HISPANIC,29,657,78,0.00213
HUNTER,MALE,WHITE NON HISPANIC,29,658,78,0.00213
KEVIN,MALE,WHITE NON HISPANIC,29,659,78,0.00213
LEONARDO,MALE,WHITE NON HISPANIC,29,660,78,0.00213
MAXIMILIAN,MALE,WHITE NON HISPANIC,29,661,78,0.00213
USHER,MALE,WHITE NON HISPANIC,29,662,78,0.00213
ANTONIO,MALE,WHITE NON HISPANIC,28,684,79,0.00206
IAN,MALE,WHITE NON HISPANIC,28,685,79,0.00206
ISRAEL,MALE,WHITE NON HISPANIC,28,686,79,0.00206
NICOLAS,MALE,WHITE NON HISPANIC,28,687,79,0.00206
AVROHOM,MALE,WHITE NON HISPANIC,27,714,80,0.00199
CAMERON,MALE,WHITE NON HISPANIC,27,715,80,0.00199
ERIC,MALE,WHITE NON HISPANIC,27,716,80,0.00199
MAXIM,MALE,WHITE NON HISPANIC,27,717,80,0.00199
RAFAEL,MALE,WHITE NON HISPANIC,27,718,80,0.00199
YECHIEL,MALE,WHITE NON HISPANIC,27,719,80,0.00199
ALIJAH,MALE,BLACK NON HISPANIC,10,1840,64,0.00163
ALVIN,MALE,BLACK NON HISPANIC,10,1841,64,0.00163
ANGEL,MALE,BLACK NON HISPANIC,10,1842,64,0.00163
BRYAN,MALE,BLACK NON HISPANIC,10,1843,64,0.00163
CHRIS,MALE,BLACK NON HISPANIC,10,1844,64,0.00163
CODY,MALE,BLACK NON HISPANIC,10,1845,64,0.00163
COREY,MALE,BLACK NON HISPANIC,10,1846,64,0.00163
DERRICK,MALE,BLACK NON HISPANIC,10,1847,64,0.00163
DEVON,MALE,BLACK NON HISPANIC,10,1848,64,0.00163
DONOVAN,MALE,BLACK NON HISPANIC,10,1849,64,0.00163
EDWARD,MALE,BLACK NON HISPANIC,10,1850,64,0.00163
GEORGE,MALE,BLACK NON HISPANIC,10,1851,64,0.00163
HASSAN,MALE,BLACK NON HISPANIC,10,1852,64,0.00163
ISHMAEL,MALE,BLACK NON HISPANIC,10,1853,64,0.00163
JAHEIM,MALE,BLACK NON HISPANIC,10,1854,64,0.00163
MAKAI,MALE,BLACK NON HISPANIC,10,1855,64,0.00163
MARQUIS,MALE,BLACK NON HISPANIC,10,1856,64,0.00163
MILES,MALE,BLACK NON HISPANIC,10,1857,64,0.00163
NANA,MALE,BLACK NON HISPANIC,10,1858,64,0.00163
NIGEL,MALE,BLACK NON HISPANIC,10,1859,64,0.00163
QUINCY,MALE,BLACK NON HISPANIC,10,1860,64,0.00163
RICARDO,MALE,BLACK NON HISPANIC,10,1861,64,0.00163
RODNEY,MALE,BLACK NON HISPANIC,10,1862,64,0.00163
STEPHEN,MALE,BLACK NON HISPANIC,10,1863,64,0.00163
TERRELL,MALE,BLACK NON HISPANIC,10,1864,64,0.00163
ABBY,FEMALE,HISPANIC,10,1865,78,0.00096
ARIANNY,FEMALE,HISPANIC,10,1866,78,0.00096
BRIANNY,FEMALE,HISPANIC,10,1867,78,0.00096
CASSANDRA,FEMALE,HISPANIC,10,1868,78,0.00096
CRISTINA,FEMALE,HISPANIC,10,1869,78,0.00096
CYNTHIA,FEMALE,HISPANIC,10,1870,78,0.00096
HAZEL,FEMALE,HISPANIC,10,1871,78,0.00096
IRIS,FEMALE,HISPANIC,10,1872,78,0.00096
ISABELA,FEMALE,HISPANIC,10,1873,78,0.00096
JAYDA,FEMALE,HISPANIC,10,1874,78,0.00096
JAYLYN,FEMALE,HISPANIC,10,1875,78,0.00096
KATELYNN,FEMALE,HISPANIC,10,1876,78,0.00096
KAYLEIGH,FEMALE,HISPANIC,10,1877,78,0.00096
KYLEE,FEMALE,HISPANIC,10,1878,78,0.00096
LEA,FEMALE,HISPANIC,10,1879,78,0.00096
LEYLA,FEMALE,HISPANIC,10,1880,78,0.00096
MARILYN,FEMALE,HISPANIC,10,1881,78,0.00096
MARISOL,FEMALE,HISPANIC,10,1882,78,0.00096
NANCY,FEMALE,HISPANIC,10,1883,78,0.00096
NATHALIA,FEMALE,HISPANIC,10,1884,78,0.00096
PAOLA,FEMALE,HISPANIC,10,1885,78,0.00096
REBECCA,FEMALE,HISPANIC,10,1886,78,0.00096
ROSA,FEMALE,HISPANIC,10,1887,78,0.00096
SARIAH,FEMALE,HISPANIC,10,1888,78,0.00096
SASHA,FEMALE,HISPANIC,10,1889,78,0.00096
SAVANNA,FEMALE,HISPANIC,10,1890,78,0.00096
STACY,FEMALE,HISPANIC,10,1891,78,0.00096
VERONICA,FEMALE,HISPANIC,10,1892,78,0.00096
ALDO,MALE,HISPANIC,10,1920,94,0.00096
ALLAN,MALE,HISPANIC,10,1921,94,0.00096
ALVIN,MALE,HISPANIC,10,1922,94,0.00096
ANDRE,MALE,HISPANIC,10,1923,94,0.00096
ARTURO,MALE,HISPANIC,10,1924,94,0.00096
BRYCE,MALE,HISPANIC,10,1925,94,0.00096
ELVIS,MALE,HISPANIC,10,1926,94,0.00096
GIOVANI,MALE,HISPANIC,10,1927,94,0.00096
JANIEL,MALE,HISPANIC,10,1928,94,0.00096
JEANCARLOS,MALE,HISPANIC,10,1929,94,0.00096
JESSE,MALE,HISPANIC,10,1930,94,0.00096
LARRY,MALE,HISPANIC,10,1931,94,0.00096
MARLON,MALE,HISPANIC,10,1932,94,0.00096
SHANE,MALE,HISPANIC,10,1933,94,0.00096
STEPHEN,MALE,HISPANIC,10,1934,94,0.00096
STEVE,MALE,HISPANIC,10,1935,94,0.00096
TAYLOR,MALE,HISPANIC,10,1936,94,0.00096
TOMAS,MALE,HISPANIC,10,1937,94,0.00096
YAIR,MALE,HISPANIC,10,1938,94,0.00096
YANIEL,MALE,HISPANIC,10,1939,94,0.00096
ANGELICA,FEMALE,WHITE NON HISPANIC,10,1893,81,0.00089
ARIELA,FEMALE,WHITE NON HISPANIC,10,1894,81,0.00089
ATARA,FEMALE,WHITE NON HISPANIC,10,1895,81,0.00089
AUBREY,FEMALE,WHITE NON HISPANIC,10,1896,81,0.00089
AUTUMN,FEMALE,WHITE NON HISPANIC,10,1897,81,0.00089
AYLA,FEMALE,WHITE NON HISPANIC,10,1898,81,0.00089
BIANCA,FEMALE,WHITE NON HISPANIC,10,1899,81,0.00089
CELIA,FEMALE,WHITE NON HISPANIC,10,1900,81,0.00089
CHAVY,FEMALE,WHITE NON HISPANIC,10,1901,81,0.00089
CORA,FEMALE,WHITE NON HISPANIC,10,1902,81,0.00089
DALIA,FEMALE,WHITE NON HISPANIC,10,1903,81,0.00089
FRIMET,FEMALE,WHITE NON HISPANIC,10,1904,81,0.00089
GIOVANNA,FEMALE,WHITE NON HISPANIC,10,1905,81,0.00089
IDY,FEMALE,WHITE NON HISPANIC,10,1906,81,0.00089
ILANA,FEMALE,WHITE NON HISPANIC,10,1907,81,0.00089
IZABELLA,FEMALE,WHITE NON HISPANIC,10,1908,81,0.00089
JULIE,FEMALE,WHITE NON HISPANIC,10,1909,81,0.00089
LEILA,FEMALE,WHITE NON HISPANIC,10,1910,81,0.00089
LONDON,FEMALE,WHITE NON HISPANIC,10,1911,81,0.00089
MIRI,FEMALE,WHITE NON HISPANIC,10,1912,81,0.00089
NICOLETTE,FEMALE,WHITE NON HISPANIC,10,1913,81,0.00089
QUINN,FEMALE,WHITE NON HISPANIC,10,1914,81,0.00089
SHEVY,FEMALE,WHITE NON HISPANIC,10,1915,81,0.00089
SIMI,FEMALE,WHITE NON HISPANIC,10,1916,81,0.00089
TZIPORAH,FEMALE,WHITE NON HISPANIC,10,1917,81,0.00089
TZIPPY,FEMALE,WHITE NON HISPANIC,10,1918,81,0.00089
YASMINE,FEMALE,WHITE NON HISPANIC,10,1919,81,0.00089
ASHTON,MALE,WHITE NON HISPANIC,10,1940,97,0.00074
AUGUSTUS,MALE,WHITE NON HISPANIC,10,1941,97,0.00074
AYDEN,MALE,WHITE NON HISPANIC,10,1942,97,0.00074
BENNETT,MALE,WHITE NON HISPANIC,10,1943,97,0.00074
BERISH,MALE,WHITE NON HISPANIC,10,1944,97,0.00074
BRYCE,MALE,WHITE NON HISPANIC,10,1945,97,0.00074
CADEN,MALE,WHITE NON HISPANIC,10,1946,97,0.00074
CALVIN,MALE,WHITE NON HISPANIC,10,1947,97,0.00074
DEREK,MALE,WHITE NON HISPANIC,10,1948,97,0.00074
ELLIS,MALE,WHITE NON HISPANIC,10,1949,97,0.00074
KENNETH,MALE,WHITE NON HISPANIC,10,1950,97,0.00074
LEV,MALE,WHITE NON HISPANIC,10,1951,97,0.00074
MOHAMMED,MALE,WHITE NON HISPANIC,10,1952,97,0.00074
NIKOLAS,MALE,WHITE NON HISPANIC,10,1953,97,0.00074
NOSSON,MALE,WHITE NON HISPANIC,10,1954,97,0.00074
REED,MALE,WHITE NON HISPANIC,10,1955,97,0.00074
SAMIR,MALE,WHITE NON HISPANIC,10,1956,97,0.00074
SHAUL,MALE,WHITE NON HISPANIC,10,1957,97,0.00074
SIDNEY,MALE,WHITE NON HISPANIC,10,1958,97,0.00074
SILAS,MALE,WHITE NON HISPANIC,10,1959,97,0.00074
STEPHEN,MALE,WHITE NON HISPANIC,10,1960,97,0.00074
WESLEY,MALE,WHITE NON HISPANIC,10,1961,97,0.00074
YEHUDAH,MALE,WHITE NON HISPANIC,10,1962,97,0.00074
YONAH,MALE,WHITE NON HISPANIC,10,1963,97,0.00074