JAYDEN,MALE,HISPANIC,426,1,1,
ISABELLA,FEMALE,HISPANIC,331,2,1,
JUSTIN,MALE,HISPANIC,310,3,2,
JACOB,MALE,HISPANIC,303,4,3,
MICHAEL,MALE,WHITE NON HISPANIC,292,5,1,
JOSEPH,MALE,WHITE NON HISPANIC,281,6,2,
MATTHEW,MALE,HISPANIC,276,7,4,
JACOB,MALE,WHITE NON HISPANIC,265,8,3,
DAVID,MALE,WHITE NON HISPANIC,258,9,4,
ANGEL,MALE,HISPANIC,253,10,5,
ETHAN,MALE,HISPANIC,251,11,6,
CHRISTOPHER,MALE,HISPANIC,239,12,7,
BENJAMIN,MALE,WHITE NON HISPANIC,230,13,5,
MIA,FEMALE,HISPANIC,229,14,2,
ESTHER,FEMALE,WHITE NON HISPANIC,224,15,1,
MOSHE,MALE,WHITE NON HISPANIC,224,16,6,
SOPHIA,FEMALE,HISPANIC,223,17,3,
DANIEL,MALE,HISPANIC,221,18,8,
ALEXANDER,MALE,HISPANIC,219,19,9,
EMMA,FEMALE,WHITE NON HISPANIC,213,20,2,
OLIVIA,FEMALE,WHITE NON HISPANIC,213,21,2,
DANIEL,MALE,WHITE NON HISPANIC,210,22,7,
ANTHONY,MALE,HISPANIC,207,23,10,
ALEXANDER,MALE,WHITE NON HISPANIC,197,24,8,
ASHLEY,FEMALE,HISPANIC,190,25,4,
JOSHUA,MALE,HISPANIC,190,26,11,
MATTHEW,MALE,WHITE NON HISPANIC,189,27,9,
CAMILA,FEMALE,HISPANIC,188,28,5,
AIDEN,MALE,HISPANIC,188,29,12,
JAYDEN,MALE,BLACK NON HISPANIC,184,30,1,
BRANDON,MALE,HISPANIC,184,31,13,
LEAH,FEMALE,WHITE NON HISPANIC,183,32,3,
JACK,MALE,WHITE NON HISPANIC,183,33,10,
JONATHAN,MALE,HISPANIC,183,34,14,
KEVIN,MALE,HISPANIC,183,35,14,
SEBASTIAN,MALE,HISPANIC,183,36,14,
SAMUEL,MALE,WHITE NON HISPANIC,181,37,11,
SOPHIA,FEMALE,WHITE NON HISPANIC,180,38,4,
CHAYA,FEMALE,WHITE NON HISPANIC,178,39,5,
DAVID,MALE,HISPANIC,178,40,15,
ETHAN,MALE,ASIAN AND PACIFIC ISLANDER,177,41,1,
SARAH,FEMALE,WHITE NON HISPANIC,177,42,6,
MADISON,FEMALE,BLACK NON HISPANIC,176,43,1,
MICHAEL,MALE,HISPANIC,174,44,16,
JAYDEN,MALE,ASIAN AND PACIFIC ISLANDER,173,45,2,
MASON,MALE,HISPANIC,173,46,17,
ABRAHAM,MALE,WHITE NON HISPANIC,172,47,12,
JAMES,MALE,WHITE NON HISPANIC,172,48,12,
RACHEL,FEMALE,WHITE NON HISPANIC,171,49,7,
WILLIAM,MALE,WHITE NON HISPANIC,170,50,13,
AIDEN,MALE,BLACK NON HISPANIC,167,51,2,
JOHN,MALE,WHITE NON HISPANIC,166,52,14,
SOFIA,FEMALE,HISPANIC,165,53,6,
EMILY,FEMALE,HISPANIC,162,54,7,
AVA,FEMALE,WHITE NON HISPANIC,162,55,8,
ISABELLA,FEMALE,WHITE NON HISPANIC,160,56,9,
GABRIEL,MALE,HISPANIC,158,57,18,
ADRIAN,MALE,HISPANIC,157,58,19,
NOAH,MALE,HISPANIC,157,59,19,
ELIJAH,MALE,BLACK NON HISPANIC,156,60,3,
JEREMIAH,MALE,BLACK NON HISPANIC,153,61,4,
NICHOLAS,MALE,WHITE NON HISPANIC,153,62,15,
CHRISTIAN,MALE,HISPANIC,151,63,20,
RYAN,MALE,ASIAN AND PACIFIC ISLANDER,150,64,3,
HENRY,MALE,WHITE NON HISPANIC,149,65,16,
CHAIM,MALE,WHITE NON HISPANIC,147,66,17,
JOSE,MALE,HISPANIC,144,67,21,
JOSEPH,MALE,HISPANIC,140,68,22,
DYLAN,MALE,HISPANIC,136,69,23,
ANTHONY,MALE,WHITE NON HISPANIC,135,70,18,
ANDREW,MALE,WHITE NON HISPANIC,133,71,19,
CHANA,FEMALE,WHITE NON HISPANIC,132,72,10,
MIRIAM,FEMALE,WHITE NON HISPANIC,131,73,11,
LIAM,MALE,WHITE NON HISPANIC,131,74,20,
LUIS,MALE,HISPANIC,131,75,24,
ADAM,MALE,WHITE NON HISPANIC,129,76,21,
CHARLES,MALE,WHITE NON HISPANIC,129,77,21,
JOSHUA,MALE,BLACK NON HISPANIC,128,78,5,
LUCAS,MALE,WHITE NON HISPANIC,128,79,22,
CHARLOTTE,FEMALE,WHITE NON HISPANIC,127,80,12,
ELLA,FEMALE,WHITE NON HISPANIC,127,81,12,
DYLAN,MALE,WHITE NON HISPANIC,127,82,23,
HAILEY,FEMALE,HISPANIC,126,83,8,
RYAN,MALE,WHITE NON HISPANIC,126,84,24,
ANDREW,MALE,HISPANIC,125,85,25,
ETHAN,MALE,BLACK NON HISPANIC,124,86,6,
LEAH,FEMALE,HISPANIC,123,87,9,
MADISON,FEMALE,HISPANIC,122,88,10,
SOFIA,FEMALE,WHITE NON HISPANIC,122,89,13,
LUCAS,MALE,HISPANIC,122,90,26,
RYAN,MALE,HISPANIC,122,91,26,
JOSIAH,MALE,BLACK NON HISPANIC,121,92,7,
THOMAS,MALE,WHITE NON HISPANIC,121,93,25,
JEREMIAH,MALE,HISPANIC,120,94,27,
SOPHIA,FEMALE,ASIAN AND PACIFIC ISLANDER,119,95,1,
EMILY,FEMALE,WHITE NON HISPANIC,119,96,14,
ETHAN,MALE,WHITE NON HISPANIC,118,97,26,
JEREMY,MALE,HISPANIC,118,98,28,
JULIA,FEMALE,WHITE NON HISPANIC,116,99,15,
MIA,FEMALE,WHITE NON HISPANIC,116,100,15,
BRIANNA,FEMALE,HISPANIC,114,101,11,
EMMA,FEMALE,HISPANIC,114,102,11,
VICTORIA,FEMALE,HISPANIC,114,103,11,
RIVKA,FEMALE,WHITE NON HISPANIC,113,104,16,
JUSTIN,MALE,ASIAN AND PACIFIC ISLANDER,110,105,4,
ELIJAH,MALE,HISPANIC,110,106,29,
MELANIE,FEMALE,HISPANIC,109,107,12,
ALEXANDRA,FEMALE,WHITE NON HISPANIC,109,108,17,
CARLOS,MALE,HISPANIC,109,109,30,
SARA,FEMALE,WHITE NON HISPANIC,107,110,18,
CHLOE,FEMALE,ASIAN AND PACIFIC ISLANDER,106,111,2,
ISAIAH,MALE,BLACK NON HISPANIC,105,112,8,
AYDEN,MALE,HISPANIC,104,113,31,
STEVEN,MALE,HISPANIC,104,114,31,
LUCAS,MALE,ASIAN AND PACIFIC ISLANDER,103,115,5,
KIMBERLY,FEMALE,HISPANIC,103,116,13,
ABIGAIL,FEMALE,WHITE NON HISPANIC,103,117,19,
MENACHEM,MALE,WHITE NON HISPANIC,103,118,27,
LIAM,MALE,HISPANIC,103,119,32,
NICHOLAS,MALE,HISPANIC,103,120,32,
GABRIELLA,FEMALE,WHITE NON HISPANIC,102,121,20,
YOSEF,MALE,WHITE NON HISPANIC,102,122,28,
AARON,MALE,HISPANIC,102,123,33,
TYLER,MALE,BLACK NON HISPANIC,101,124,9,
LUKE,MALE,WHITE NON HISPANIC,101,125,29,
MIGUEL,MALE,HISPANIC,101,126,34,
SAMANTHA,FEMALE,HISPANIC,100,127,14,
ELIZABETH,FEMALE,WHITE NON HISPANIC,100,128,21,
OLIVER,MALE,WHITE NON HISPANIC,100,129,30,
NOAH,MALE,WHITE NON HISPANIC,99,130,31,
BRYAN,MALE,HISPANIC,99,131,35,
JUAN,MALE,HISPANIC,99,132,35,
JULIAN,MALE,HISPANIC,99,133,35,
JASON,MALE,ASIAN AND PACIFIC ISLANDER,98,134,6,
WILLIAM,MALE,HISPANIC,98,135,36,
ELI,MALE,WHITE NON HISPANIC,97,136,32,
AIDEN,MALE,ASIAN AND PACIFIC ISLANDER,96,137,7,
GABRIEL,MALE,WHITE NON HISPANIC,96,138,33,
JOHN,MALE,HISPANIC,96,139,37,
CHLOE,FEMALE,WHITE NON HISPANIC,95,140,22,
MAX,MALE,WHITE NON HISPANIC,95,141,34,
GENESIS,FEMALE,HISPANIC,94,142,15,
MAYA,FEMALE,WHITE NON HISPANIC,94,143,23,
SHIMON,MALE,WHITE NON HISPANIC,94,144,35,
EMILY,FEMALE,ASIAN AND PACIFIC ISLANDER,93,145,3,
MICHAEL,MALE,BLACK NON HISPANIC,93,146,10,
GRACE,FEMALE,WHITE NON HISPANIC,93,147,24,
LONDON,FEMALE,BLACK NON HISPANIC,92,148,2,
KEVIN,MALE,ASIAN AND PACIFIC ISLANDER,92,149,8,
CHRISTOPHER,MALE,WHITE NON HISPANIC,92,150,36,
ISAAC,MALE,WHITE NON HISPANIC,92,151,36,
JASON,MALE,HISPANIC,92,152,38,
XAVIER,MALE,HISPANIC,92,153,38,
CHRISTIAN,MALE,BLACK NON HISPANIC,91,154,11,
NOAH,MALE,BLACK NON HISPANIC,91,155,11,
ALLISON,FEMALE,HISPANIC,90,156,16,
OLIVIA,FEMALE,ASIAN AND PACIFIC ISLANDER,89,157,4,
AMIR,MALE,BLACK NON HISPANIC,89,158,12,
JOSHUA,MALE,WHITE NON HISPANIC,89,159,37,
AYDEN,MALE,BLACK NON HISPANIC,88,160,13,
AMY,FEMALE,HISPANIC,87,161,17,
GABRIELLA,FEMALE,HISPANIC,86,162,18,
OLIVIA,FEMALE,HISPANIC,86,163,18,
ZACHARY,MALE,WHITE NON HISPANIC,86,164,38,
ERIC,MALE,ASIAN AND PACIFIC ISLANDER,85,165,9,
JUSTIN,MALE,BLACK NON HISPANIC,85,166,14,
VALENTINA,FEMALE,HISPANIC,85,167,19,
ANNA,FEMALE,WHITE NON HISPANIC,85,168,25,
LEO,MALE,WHITE NON HISPANIC,85,169,39,
DANIEL,MALE,ASIAN AND PACIFIC ISLANDER,84,170,10,
DAVID,MALE,BLACK NON HISPANIC,84,171,15,
VICTORIA,FEMALE,WHITE NON HISPANIC,84,172,26,
MASON,MALE,BLACK NON HISPANIC,83,173,16,
KAYLEE,FEMALE,HISPANIC,83,174,20,
JACOB,MALE,BLACK NON HISPANIC,82,175,17,
GITTY,FEMALE,WHITE NON HISPANIC,82,176,27,
JOEL,MALE,HISPANIC,82,177,39,
DANIEL,MALE,BLACK NON HISPANIC,81,178,18,
LILY,FEMALE,WHITE NON HISPANIC,81,179,28,
ZOE,FEMALE,WHITE NON HISPANIC,81,180,28,
EVAN,MALE,HISPANIC,81,181,40,
CHRISTOPHER,MALE,BLACK NON HISPANIC,80,182,19,
ABIGAIL,FEMALE,HISPANIC,80,183,21,
JULIAN,MALE,WHITE NON HISPANIC,79,184,40,
KAYLA,FEMALE,BLACK NON HISPANIC,78,185,3,
GABRIELA,FEMALE,HISPANIC,78,186,22,
AIDEN,MALE,WHITE NON HISPANIC,78,187,41,
ARIANNA,FEMALE,HISPANIC,77,188,23,
JACKSON,MALE,WHITE NON HISPANIC,77,189,42,
JAKE,MALE,WHITE NON HISPANIC,77,190,42,
MUHAMMAD,MALE,ASIAN AND PACIFIC ISLANDER,76,191,11,
CHRISTIAN,MALE,WHITE NON HISPANIC,76,192,43,
MORDECHAI,MALE,WHITE NON HISPANIC,76,193,43,
EMMA,FEMALE,ASIAN AND PACIFIC ISLANDER,75,194,5,
JADEN,MALE,BLACK NON HISPANIC,75,195,20,
MASON,MALE,WHITE NON HISPANIC,75,196,44,
YISROEL,MALE,WHITE NON HISPANIC,75,197,44,
MATTHEW,MALE,ASIAN AND PACIFIC ISLANDER,74,198,12,
SAMANTHA,FEMALE,WHITE NON HISPANIC,74,199,29,
SAMUEL,MALE,HISPANIC,74,200,41,
YEHUDA,MALE,WHITE NON HISPANIC,74,201,45,
ISAAC,MALE,HISPANIC,73,202,42,
JADEN,MALE,HISPANIC,73,203,42,
CHLOE,FEMALE,BLACK NON HISPANIC,72,204,4,
MALACHI,MALE,BLACK NON HISPANIC,72,205,21,
ANGELINA,FEMALE,HISPANIC,72,206,24,
FAIGY,FEMALE,WHITE NON HISPANIC,72,207,30,
IAN,MALE,HISPANIC,72,208,43,
JORDAN,MALE,HISPANIC,72,209,43,
VINCENT,MALE,ASIAN AND PACIFIC ISLANDER,71,210,13,
NICOLE,FEMALE,HISPANIC,71,211,25,
HANNAH,FEMALE,WHITE NON HISPANIC,71,212,31,
EDWIN,MALE,HISPANIC,71,213,44,
JONATHAN,MALE,WHITE NON HISPANIC,71,214,46,
LUCA,MALE,WHITE NON HISPANIC,71,215,46,
NATHAN,MALE,WHITE NON HISPANIC,71,216,46,
SEBASTIAN,MALE,WHITE NON HISPANIC,71,217,46,
ANDREW,MALE,ASIAN AND PACIFIC ISLANDER,70,218,14,
ISAIAH,MALE,HISPANIC,70,219,45,
JAMES,MALE,HISPANIC,70,220,45,
JESUS,MALE,HISPANIC,70,221,45,
MARK,MALE,WHITE NON HISPANIC,70,222,47,
AALIYAH,FEMALE,BLACK NON HISPANIC,69,223,5,
STELLA,FEMALE,WHITE NON HISPANIC,69,224,32,
AXEL,MALE,HISPANIC,69,225,46,
ROBERT,MALE,WHITE NON HISPANIC,69,226,48,
GIANNA,FEMALE,WHITE NON HISPANIC,68,227,33,
ALEJANDRO,MALE,HISPANIC,68,228,47,
ALEX,MALE,HISPANIC,68,229,47,
GIOVANNI,MALE,HISPANIC,68,230,47,
ISABELLA,FEMALE,ASIAN AND PACIFIC ISLANDER,67,231,6,
MAKAYLA,FEMALE,BLACK NON HISPANIC,67,232,6,
BELLA,FEMALE,HISPANIC,67,233,26,
AARON,MALE,WHITE NON HISPANIC,67,234,49,
LOGAN,MALE,WHITE NON HISPANIC,67,235,49,
IVAN,MALE,ASIAN AND PACIFIC ISLANDER,66,236,15,
WILLIAM,MALE,ASIAN AND PACIFIC ISLANDER,66,237,15,
ANTHONY,MALE,BLACK NON HISPANIC,66,238,22,
LESLIE,FEMALE,HISPANIC,66,239,27,
ELIAS,MALE,HISPANIC,66,240,48,
GEORGE,MALE,WHITE NON HISPANIC,66,241,50,
ADRIANA,FEMALE,HISPANIC,65,242,28,
SCARLETT,FEMALE,HISPANIC,65,243,28,
ZOE,FEMALE,HISPANIC,65,244,28,
SOPHIE,FEMALE,WHITE NON HISPANIC,65,245,34,
OWEN,MALE,WHITE NON HISPANIC,65,246,51,
AUSTIN,MALE,ASIAN AND PACIFIC ISLANDER,64,247,16,
NATHANIEL,MALE,BLACK NON HISPANIC,64,248,23,
DANIELA,FEMALE,HISPANIC,64,249,29,
EVA,FEMALE,WHITE NON HISPANIC,64,250,35,
VINCENT,MALE,WHITE NON HISPANIC,64,251,52,
AALIYAH,FEMALE,HISPANIC,63,252,30,
ALYSSA,FEMALE,HISPANIC,63,253,30,
ELIZABETH,FEMALE,HISPANIC,63,254,30,
EVELYN,FEMALE,HISPANIC,63,255,30,
MALKA,FEMALE,WHITE NON HISPANIC,63,256,36,
NATHANIEL,MALE,HISPANIC,63,257,49,
KAYLA,FEMALE,HISPANIC,62,258,31,
AMELIA,FEMALE,WHITE NON HISPANIC,62,259,37,
DEREK,MALE,HISPANIC,62,260,50,
LIAM,MALE,BLACK NON HISPANIC,61,261,24,
ANDREA,FEMALE,HISPANIC,61,262,32,
ARIANA,FEMALE,HISPANIC,61,263,32,
SHLOMO,MALE,WHITE NON HISPANIC,61,264,53,
TYLER,MALE,WHITE NON HISPANIC,61,265,53,
NEVAEH,FEMALE,BLACK NON HISPANIC,60,266,7,
CHLOE,FEMALE,HISPANIC,60,267,33,
KATHERINE,FEMALE,HISPANIC,60,268,33,
ERIC,MALE,HISPANIC,60,269,51,
ERICK,MALE,HISPANIC,60,270,51,
ARON,MALE,WHITE NON HISPANIC,60,271,54,
EVAN,MALE,WHITE NON HISPANIC,60,272,54,
YAKOV,MALE,WHITE NON HISPANIC,60,273,54,
MATTHEW,MALE,BLACK NON HISPANIC,59,274,25,
JENNIFER,FEMALE,HISPANIC,59,275,34,
MARIA,FEMALE,HISPANIC,59,276,34,
MALKY,FEMALE,WHITE NON HISPANIC,59,277,38,
BRIAN,MALE,HISPANIC,59,278,52,
TRISTAN,MALE,BLACK NON HISPANIC,58,279,26,
XAVIER,MALE,BLACK NON HISPANIC,58,280,26,
AIDAN,MALE,WHITE NON HISPANIC,58,281,55,
AMARI,MALE,BLACK NON HISPANIC,57,282,27,
BRANDON,MALE,BLACK NON HISPANIC,57,283,27,
KHLOE,FEMALE,HISPANIC,57,284,35,
MADISON,FEMALE,WHITE NON HISPANIC,57,285,39,
EMMANUEL,MALE,HISPANIC,57,286,53,
PATRICK,MALE,WHITE NON HISPANIC,56,287,56,
YITZCHOK,MALE,WHITE NON HISPANIC,56,288,56,
GABRIELLE,FEMALE,BLACK NON HISPANIC,55,289,8,
ALEXA,FEMALE,HISPANIC,55,290,36,
ALEXIS,MALE,HISPANIC,55,291,54,
LEONARDO,MALE,HISPANIC,55,292,54,
ASHER,MALE,WHITE NON HISPANIC,55,293,57,
TIFFANY,FEMALE,ASIAN AND PACIFIC ISLANDER,54,294,7,
AVA,FEMALE,HISPANIC,54,295,37,
ALEXA,FEMALE,WHITE NON HISPANIC,54,296,40,
REBECCA,FEMALE,WHITE NON HISPANIC,54,297,40,
DIEGO,MALE,HISPANIC,54,298,55,
TAYLOR,FEMALE,BLACK NON HISPANIC,53,299,9,
DYLAN,MALE,ASIAN AND PACIFIC ISLANDER,53,300,17,
AARON,MALE,BLACK NON HISPANIC,53,301,28,
JONATHAN,MALE,BLACK NON HISPANIC,53,302,28,
JORDAN,MALE,BLACK NON HISPANIC,53,303,28,
SARAH,FEMALE,HISPANIC,53,304,38,
VALERIE,FEMALE,HISPANIC,53,305,38,
CRISTIAN,MALE,HISPANIC,53,306,56,
NICOLAS,MALE,HISPANIC,53,307,56,
CONNOR,MALE,WHITE NON HISPANIC,53,308,58,
GAVIN,MALE,WHITE NON HISPANIC,53,309,58,
HUDSON,MALE,WHITE NON HISPANIC,53,310,58,
THEODORE,MALE,WHITE NON HISPANIC,53,311,58,
ASHLEY,FEMALE,ASIAN AND PACIFIC ISLANDER,52,312,8,
JADA,FEMALE,BLACK NON HISPANIC,52,313,10,
OLIVIA,FEMALE,BLACK NON HISPANIC,52,314,10,
SERENITY,FEMALE,BLACK NON HISPANIC,52,315,10,
ALEX,MALE,ASIAN AND PACIFIC ISLANDER,52,316,18,
LAYLA,FEMALE,HISPANIC,52,317,39,
AVERY,FEMALE,WHITE NON HISPANIC,52,318,41,
CAROLINE,FEMALE,WHITE NON HISPANIC,52,319,41,
JONAH,MALE,WHITE NON HISPANIC,52,320,59,
PETER,MALE,WHITE NON HISPANIC,52,321,59,
ABIGAIL,FEMALE,BLACK NON HISPANIC,51,322,11,
FATOUMATA,FEMALE,BLACK NON HISPANIC,51,323,11,
AARON,MALE,ASIAN AND PACIFIC ISLANDER,51,324,19,
EVAN,MALE,ASIAN AND PACIFIC ISLANDER,51,325,19,
DIANA,FEMALE,HISPANIC,51,326,40,
JAYLEEN,FEMALE,HISPANIC,51,327,40,
MICHELLE,FEMALE,HISPANIC,51,328,40,
RAIZY,FEMALE,WHITE NON HISPANIC,51,329,42,
ANDRES,MALE,HISPANIC,51,330,57,
BENJAMIN,MALE,HISPANIC,51,331,57,
JADIEL,MALE,HISPANIC,51,332,57,
JONATHAN,MALE,ASIAN AND PACIFIC ISLANDER,50,333,20,
EMELY,FEMALE,HISPANIC,50,334,41,
JADE,FEMALE,HISPANIC,50,335,41,
MELISSA,FEMALE,HISPANIC,50,336,41,
NATALIA,FEMALE,HISPANIC,50,337,41,
STEPHANIE,FEMALE,HISPANIC,50,338,41,
ALICE,FEMALE,WHITE NON HISPANIC,50,339,43,
ANGELINA,FEMALE,WHITE NON HISPANIC,50,340,43,
JOSIAH,MALE,HISPANIC,50,341,58,
SANTIAGO,MALE,HISPANIC,50,342,58,
JACOB,MALE,ASIAN AND PACIFIC ISLANDER,49,343,21,
GIANNA,FEMALE,HISPANIC,49,344,42,
MAYA,FEMALE,HISPANIC,49,345,42,
FIONA,FEMALE,ASIAN AND PACIFIC ISLANDER,48,346,9,
SHAINDY,FEMALE,WHITE NON HISPANIC,48,347,44,
RANDY,MALE,HISPANIC,48,348,59,
TYLER,MALE,HISPANIC,48,349,59,
VICTOR,MALE,HISPANIC,48,350,59,
SOLOMON,MALE,WHITE NON HISPANIC,48,351,60,
ANGELA,FEMALE,ASIAN AND PACIFIC ISLANDER,47,352,10,
ALEXANDER,MALE,ASIAN AND PACIFIC ISLANDER,47,353,22,
CAMERON,MALE,BLACK NON HISPANIC,47,354,29,
ALEXANDRA,FEMALE,HISPANIC,47,355,43,
EVA,FEMALE,HISPANIC,47,356,43,
LILLIAN,FEMALE,WHITE NON HISPANIC,47,357,45,
LUCY,FEMALE,WHITE NON HISPANIC,47,358,45,
NATHAN,MALE,HISPANIC,47,359,60,
MEIR,MALE,WHITE NON HISPANIC,47,360,61,
SIMON,MALE,WHITE NON HISPANIC,47,361,61,
ZEV,MALE,WHITE NON HISPANIC,47,362,61,
FAITH,FEMALE,BLACK NON HISPANIC,46,363,12,
ANTHONY,MALE,ASIAN AND PACIFIC ISLANDER,46,364,23,
MOHAMMAD,MALE,ASIAN AND PACIFIC ISLANDER,46,365,23,
EMMANUEL,MALE,BLACK NON HISPANIC,46,366,30,
JESSICA,FEMALE,HISPANIC,46,367,44,
JOCELYN,FEMALE,HISPANIC,46,368,44,
NATALIE,FEMALE,HISPANIC,46,369,44,
CHAVA,FEMALE,WHITE NON HISPANIC,46,370,46,
NAOMI,FEMALE,WHITE NON HISPANIC,46,371,46,
DOV,MALE,WHITE NON HISPANIC,46,372,62,
JUSTIN,MALE,WHITE NON HISPANIC,46,373,62,
MILES,MALE,WHITE NON HISPANIC,46,374,62,
NATHANIEL,MALE,WHITE NON HISPANIC,46,375,62,
KYLE,MALE,ASIAN AND PACIFIC ISLANDER,45,376,24,
VALERIA,FEMALE,HISPANIC,45,377,45,
KAYLA,FEMALE,WHITE NON HISPANIC,45,378,47,
NICOLE,FEMALE,WHITE NON HISPANIC,45,379,47,
EDUARDO,MALE,HISPANIC,45,380,61,
LOGAN,MALE,HISPANIC,45,381,61,
YAAKOV,MALE,WHITE NON HISPANIC,45,382,63,
VIVIAN,FEMALE,ASIAN AND PACIFIC ISLANDER,44,383,11,
CALEB,MALE,BLACK NON HISPANIC,44,384,31,
JASON,MALE,BLACK NON HISPANIC,44,385,31,
DEVORAH,FEMALE,WHITE NON HISPANIC,44,386,48,
KATHERINE,FEMALE,WHITE NON HISPANIC,44,387,48,
MATEO,MALE,HISPANIC,44,388,62,
BRANDON,MALE,WHITE NON HISPANIC,44,389,64,
SHMUEL,MALE,WHITE NON HISPANIC,44,390,64,
NYLA,FEMALE,BLACK NON HISPANIC,43,391,13,
ZOE,FEMALE,BLACK NON HISPANIC,43,392,13,
ALVIN,MALE,ASIAN AND PACIFIC ISLANDER,43,393,25,
ANDY,MALE,ASIAN AND PACIFIC ISLANDER,43,394,25,
CHELSEA,FEMALE,HISPANIC,43,395,46,
RIVKY,FEMALE,WHITE NON HISPANIC,43,396,49,
HENRY,MALE,HISPANIC,43,397,63,
MICHELLE,FEMALE,ASIAN AND PACIFIC ISLANDER,42,398,12,
KHLOE,FEMALE,BLACK NON HISPANIC,42,399,14,
NYLAH,FEMALE,BLACK NON HISPANIC,42,400,14,
SAVANNAH,FEMALE,BLACK NON HISPANIC,42,401,14,
DYLAN,MALE,BLACK NON HISPANIC,42,402,32,
VANESSA,FEMALE,HISPANIC,42,403,47,
CALEB,MALE,HISPANIC,42,404,64,
IVAN,MALE,HISPANIC,42,405,64,
JAIDEN,MALE,HISPANIC,42,406,64,
OLIVER,MALE,HISPANIC,42,407,64,
SHULEM,MALE,WHITE NON HISPANIC,42,408,65,
MOHAMMED,MALE,ASIAN AND PACIFIC ISLANDER,41,409,26,
NATHAN,MALE,ASIAN AND PACIFIC ISLANDER,41,410,26,
CHASE,MALE,BLACK NON HISPANIC,41,411,33,
RYAN,MALE,BLACK NON HISPANIC,41,412,33,
JASMINE,FEMALE,HISPANIC,41,413,48,
KAREN,FEMALE,HISPANIC,41,414,48,
KELLY,FEMALE,HISPANIC,41,415,48,
DANIELLA,FEMALE,WHITE NON HISPANIC,41,416,50,
DINA,FEMALE,WHITE NON HISPANIC,41,417,50,
GIULIANA,FEMALE,WHITE NON HISPANIC,41,418,50,
EDWARD,MALE,WHITE NON HISPANIC,41,419,66,
TZVI,MALE,WHITE NON HISPANIC,41,420,66,
AVA,FEMALE,BLACK NON HISPANIC,40,421,15,
SARAH,FEMALE,BLACK NON HISPANIC,40,422,15,
BRIAN,MALE,ASIAN AND PACIFIC ISLANDER,40,423,27,
LEO,MALE,ASIAN AND PACIFIC ISLANDER,40,424,27,
KYLE,MALE,BLACK NON HISPANIC,40,425,34,
ANGELICA,FEMALE,HISPANIC,40,426,49,
BAILA,FEMALE,WHITE NON HISPANIC,40,427,51,
NATALIE,FEMALE,WHITE NON HISPANIC,40,428,51,
DOVID,MALE,WHITE NON HISPANIC,40,429,67,
HARRISON,MALE,WHITE NON HISPANIC,40,430,67,
LEVI,MALE,WHITE NON HISPANIC,40,431,67,
LAILA,FEMALE,BLACK NON HISPANIC,39,432,16,
LEAH,FEMALE,BLACK NON HISPANIC,39,433,16,
BENJAMIN,MALE,ASIAN AND PACIFIC ISLANDER,39,434,28,
ALEXANDER,MALE,BLACK NON HISPANIC,39,435,35,
DANNA,FEMALE,HISPANIC,39,436,50,
ELEANOR,FEMALE,WHITE NON HISPANIC,39,437,52,
EVELYN,FEMALE,WHITE NON HISPANIC,39,438,52,
MADELINE,FEMALE,WHITE NON HISPANIC,39,439,52,
MARIA,FEMALE,WHITE NON HISPANIC,39,440,52,
NINA,FEMALE,WHITE NON HISPANIC,39,441,52,
TOBY,FEMALE,WHITE NON HISPANIC,39,442,52,
JORGE,MALE,HISPANIC,39,443,65,
OMAR,MALE,HISPANIC,39,444,65,
JAYDEN,MALE,WHITE NON HISPANIC,39,445,68,
JOANNA,FEMALE,ASIAN AND PACIFIC ISLANDER,38,446,13,
SARAH,FEMALE,ASIAN AND PACIFIC ISLANDER,38,447,13,
ARIANNA,FEMALE,BLACK NON HISPANIC,38,448,17,
BRIANNA,FEMALE,BLACK NON HISPANIC,38,449,17,
JAYLA,FEMALE,BLACK NON HISPANIC,38,450,17,
NIA,FEMALE,BLACK NON HISPANIC,38,451,17,
MICHAEL,MALE,ASIAN AND PACIFIC ISLANDER,38,452,29,
JAYLEN,MALE,BLACK NON HISPANIC,38,453,36,
GISELLE,FEMALE,HISPANIC,38,454,51,
SAVANNAH,FEMALE,HISPANIC,38,455,51,
CHANY,FEMALE,WHITE NON HISPANIC,38,456,53,
JULIANA,FEMALE,WHITE NON HISPANIC,38,457,53,
PENELOPE,FEMALE,WHITE NON HISPANIC,38,458,53,
SIENNA,FEMALE,WHITE NON HISPANIC,38,459,53,
VIOLET,FEMALE,WHITE NON HISPANIC,38,460,53,
ALAN,MALE,HISPANIC,38,461,66,
ELI,MALE,HISPANIC,38,462,66,
JAVIER,MALE,HISPANIC,38,463,66,
JEAN,MALE,HISPANIC,38,464,66,
RICHARD,MALE,HISPANIC,38,465,66,
AVRAHAM,MALE,WHITE NON HISPANIC,38,466,69,
ELIEZER,MALE,WHITE NON HISPANIC,38,467,69,
MAXWELL,MALE,WHITE NON HISPANIC,38,468,69,
MOHAMED,MALE,WHITE NON HISPANIC,38,469,69,
CHELSEA,FEMALE,BLACK NON HISPANIC,37,470,18,
ALAN,MALE,ASIAN AND PACIFIC ISLANDER,37,471,30,
JOEL,MALE,BLACK NON HISPANIC,37,472,37,
KAYDEN,MALE,BLACK NON HISPANIC,37,473,37,
MOHAMED,MALE,BLACK NON HISPANIC,37,474,37,
KYLIE,FEMALE,HISPANIC,37,475,52,
SERENITY,FEMALE,HISPANIC,37,476,52,
HINDY,FEMALE,WHITE NON HISPANIC,37,477,54,
ANDY,MALE,HISPANIC,37,478,67,
JACE,MALE,HISPANIC,37,479,67,
COLE,MALE,WHITE NON HISPANIC,37,480,70,
MIA,FEMALE,ASIAN AND PACIFIC ISLANDER,36,481,14,
MIA,FEMALE,BLACK NON HISPANIC,36,482,19,
VICTORIA,FEMALE,BLACK NON HISPANIC,36,483,19,
JAMES,MALE,ASIAN AND PACIFIC ISLANDER,36,484,31,
JOSHUA,MALE,ASIAN AND PACIFIC ISLANDER,36,485,31,
KINGSLEY,MALE,ASIAN AND PACIFIC ISLANDER,36,486,31,
ANDREW,MALE,BLACK NON HISPANIC,36,487,38,
GABRIEL,MALE,BLACK NON HISPANIC,36,488,38,
GRACE,FEMALE,HISPANIC,36,489,53,
KAMILA,FEMALE,HISPANIC,36,490,53,
KIARA,FEMALE,HISPANIC,36,491,53,
ELIANA,FEMALE,WHITE NON HISPANIC,36,492,55,
JULIET,FEMALE,WHITE NON HISPANIC,36,493,55,
MOLLY,FEMALE,WHITE NON HISPANIC,36,494,55,
AIDAN,MALE,HISPANIC,36,495,68,
ELIYAHU,MALE,WHITE NON HISPANIC,36,496,71,
MENDEL,MALE,WHITE NON HISPANIC,36,497,71,
SALVATORE,MALE,WHITE NON HISPANIC,36,498,71,
SEAN,MALE,WHITE NON HISPANIC,36,499,71,
IVY,FEMALE,ASIAN AND PACIFIC ISLANDER,35,500,15,
ALYSSA,FEMALE,BLACK NON HISPANIC,35,501,20,
ANIYAH,FEMALE,BLACK NON HISPANIC,35,502,20,
BRIELLE,FEMALE,BLACK NON HISPANIC,35,503,20,
DESTINY,FEMALE,BLACK NON HISPANIC,35,504,20,
ISABELLA,FEMALE,BLACK NON HISPANIC,35,505,20,
STEVEN,MALE,ASIAN AND PACIFIC ISLANDER,35,506,32,
BRYCE,MALE,BLACK NON HISPANIC,35,507,39,
CARTER,MALE,BLACK NON HISPANIC,35,508,39,
JAIDEN,MALE,BLACK NON HISPANIC,35,509,39,
JOSEPH,MALE,BLACK NON HISPANIC,35,510,39,
ZION,MALE,BLACK NON HISPANIC,35,511,39,
CLAIRE,FEMALE,WHITE NON HISPANIC,35,512,56,
MICHELLE,FEMALE,WHITE NON HISPANIC,35,513,56,
ROSE,FEMALE,WHITE NON HISPANIC,35,514,56,
SYDNEY,FEMALE,WHITE NON HISPANIC,35,515,56,
JOSUE,MALE,HISPANIC,35,516,69,
ROBERT,MALE,HISPANIC,35,517,69,
ADRIAN,MALE,WHITE NON HISPANIC,35,518,72,
ELIJAH,MALE,WHITE NON HISPANIC,35,519,72,
GIOVANNI,MALE,WHITE NON HISPANIC,35,520,72,
JASON,MALE,WHITE NON HISPANIC,35,521,72,
SAM,MALE,WHITE NON HISPANIC,35,522,72,
NAOMI,FEMALE,BLACK NON HISPANIC,34,523,21,
MASON,MALE,ASIAN AND PACIFIC ISLANDER,34,524,33,
JOHN,MALE,BLACK NON HISPANIC,34,525,40,
DESTINY,FEMALE,HISPANIC,34,526,54,
ELIANA,FEMALE,HISPANIC,34,527,54,
HAILEY,FEMALE,WHITE NON HISPANIC,34,528,57,
ISABEL,FEMALE,WHITE NON HISPANIC,34,529,57,
LILA,FEMALE,WHITE NON HISPANIC,34,530,57,
NOA,FEMALE,WHITE NON HISPANIC,34,531,57,
SABRINA,FEMALE,WHITE NON HISPANIC,34,532,57,
ADRIEL,MALE,HISPANIC,34,533,70,
TRISTAN,MALE,HISPANIC,34,534,70,
ALEX,MALE,WHITE NON HISPANIC,34,535,73,
JUDAH,MALE,WHITE NON HISPANIC,34,536,73,
VICTOR,MALE,WHITE NON HISPANIC,34,537,73,
GRACE,FEMALE,ASIAN AND PACIFIC ISLANDER,33,538,16,
NICOLE,FEMALE,ASIAN AND PACIFIC ISLANDER,33,539,16,
PAIGE,FEMALE,BLACK NON HISPANIC,33,540,22,
JAMES,MALE,BLACK NON HISPANIC,33,541,41,
MEKHI,MALE,BLACK NON HISPANIC,33,542,41,
NASIR,MALE,BLACK NON HISPANIC,33,543,41,
AMELIA,FEMALE,HISPANIC,33,544,55,
ANA,FEMALE,HISPANIC,33,545,55,
JAYLA,FEMALE,HISPANIC,33,546,55,
LEILANI,FEMALE,HISPANIC,33,547,55,
MARIAH,FEMALE,HISPANIC,33,548,55,
BEATRICE,FEMALE,WHITE NON HISPANIC,33,549,58,
BROOKE,FEMALE,WHITE NON HISPANIC,33,550,58,
CATHERINE,FEMALE,WHITE NON HISPANIC,33,551,58,
EMILIA,FEMALE,WHITE NON HISPANIC,33,552,58,
FRANCESCA,FEMALE,WHITE NON HISPANIC,33,553,58,
GOLDY,FEMALE,WHITE NON HISPANIC,33,554,58,
JOSEPHINE,FEMALE,WHITE NON HISPANIC,33,555,58,
ANDERSON,MALE,HISPANIC,33,556,71,
KENNETH,MALE,HISPANIC,33,557,71,
MARCUS,MALE,HISPANIC,33,558,71,
MAX,MALE,HISPANIC,33,559,71,
ALI,MALE,WHITE NON HISPANIC,33,560,74,
ELLIOT,MALE,WHITE NON HISPANIC,33,561,74,
EZRA,MALE,WHITE NON HISPANIC,33,562,74,
OMAR,MALE,WHITE NON HISPANIC,33,563,74,
VICKY,FEMALE,ASIAN AND PACIFIC ISLANDER,32,564,17,
AMAYA,FEMALE,BLACK NON HISPANIC,32,565,23,
ARIEL,FEMALE,BLACK NON HISPANIC,32,566,23,
HEAVEN,FEMALE,BLACK NON HISPANIC,32,567,23,
JASMINE,FEMALE,BLACK NON HISPANIC,32,568,23,
MARIAM,FEMALE,BLACK NON HISPANIC,32,569,23,
MYA,FEMALE,BLACK NON HISPANIC,32,570,23,
PARIS,FEMALE,BLACK NON HISPANIC,32,571,23,
AIDAN,MALE,ASIAN AND PACIFIC ISLANDER,32,572,34,
DEREK,MALE,ASIAN AND PACIFIC ISLANDER,32,573,34,
NATHAN,MALE,BLACK NON HISPANIC,32,574,42,
PRINCE,MALE,BLACK NON HISPANIC,32,575,42,
ALISON,FEMALE,HISPANIC,32,576,56,
BRIANA,FEMALE,HISPANIC,32,577,56,
ELLA,FEMALE,HISPANIC,32,578,56,
MAKAYLA,FEMALE,HISPANIC,32,579,56,
NEVAEH,FEMALE,HISPANIC,32,580,56,
BRIANNA,FEMALE,WHITE NON HISPANIC,32,581,59,
SADIE,FEMALE,WHITE NON HISPANIC,32,582,59,
YITTY,FEMALE,WHITE NON HISPANIC,32,583,59,
ADAM,MALE,HISPANIC,32,584,72,
ANTONIO,MALE,HISPANIC,32,585,72,
FRANCISCO,MALE,HISPANIC,32,586,72,
COLIN,MALE,WHITE NON HISPANIC,32,587,75,
DECLAN,MALE,WHITE NON HISPANIC,32,588,75,
JORDAN,MALE,WHITE NON HISPANIC,32,589,75,
SIMCHA,MALE,WHITE NON HISPANIC,32,590,75,
STEVEN,MALE,WHITE NON HISPANIC,32,591,75,
JASMINE,FEMALE,ASIAN AND PACIFIC ISLANDER,31,592,18,
HAILEY,FEMALE,BLACK NON HISPANIC,31,593,24,
MORGAN,FEMALE,BLACK NON HISPANIC,31,594,24,
AYAAN,MALE,ASIAN AND PACIFIC ISLANDER,31,595,35,
TYLER,MALE,ASIAN AND PACIFIC ISLANDER,31,596,35,
NICHOLAS,MALE,BLACK NON HISPANIC,31,597,43,
AMAYA,FEMALE,HISPANIC,31,598,57,
KAITLYN,FEMALE,HISPANIC,31,599,57,
MILA,FEMALE,WHITE NON HISPANIC,31,600,60,
SCARLETT,FEMALE,WHITE NON HISPANIC,31,601,60,
VALENTINA,FEMALE,WHITE NON HISPANIC,31,602,60,
DANNY,MALE,HISPANIC,31,603,73,
DARIEL,MALE,HISPANIC,31,604,73,
HECTOR,MALE,HISPANIC,31,605,73,
MANUEL,MALE,HISPANIC,31,606,73,
RAFAEL,MALE,HISPANIC,31,607,73,
CALEB,MALE,WHITE NON HISPANIC,31,608,76,
MOSES,MALE,WHITE NON HISPANIC,31,609,76,
ANNA,FEMALE,ASIAN AND PACIFIC ISLANDER,30,610,19,
EMILY,FEMALE,BLACK NON HISPANIC,30,611,25,
LAYLA,FEMALE,BLACK NON HISPANIC,30,612,25,
SOPHIA,FEMALE,BLACK NON HISPANIC,30,613,25,
ABDULLAH,MALE,ASIAN AND PACIFIC ISLANDER,30,614,36,
SAMUEL,MALE,ASIAN AND PACIFIC ISLANDER,30,615,36,
SAMUEL,MALE,BLACK NON HISPANIC,30,616,44,
AMANDA,FEMALE,HISPANIC,30,617,58,
ANGELIQUE,FEMALE,HISPANIC,30,618,58,
DAISY,FEMALE,HISPANIC,30,619,58,
JACQUELINE,FEMALE,HISPANIC,30,620,58,
JOSELYN,FEMALE,HISPANIC,30,621,58,
LIZBETH,FEMALE,HISPANIC,30,622,58,
FIONA,FEMALE,WHITE NON HISPANIC,30,623,61,
HARPER,FEMALE,WHITE NON HISPANIC,30,624,61,
VIVIAN,FEMALE,WHITE NON HISPANIC,30,625,61,
EDWARD,MALE,HISPANIC,30,626,74,
GEORGE,MALE,HISPANIC,30,627,74,
SEAN,MALE,HISPANIC,30,628,74,
ARI,MALE,WHITE NON HISPANIC,30,629,77,
ARIEL,MALE,WHITE NON HISPANIC,30,630,77,
BRIAN,MALE,WHITE NON HISPANIC,30,631,77,
COOPER,MALE,WHITE NON HISPANIC,30,632,77,
JOEL,MALE,WHITE NON HISPANIC,30,633,77,
MATTEO,MALE,WHITE NON HISPANIC,30,634,77,
OSCAR,MALE,WHITE NON HISPANIC,30,635,77,
SHIA,MALE,WHITE NON HISPANIC,30,636,77,
ZOEY,FEMALE,BLACK NON HISPANIC,29,637,26,
BRANDON,MALE,ASIAN AND PACIFIC ISLANDER,29,638,37,
MICAH,MALE,BLACK NON HISPANIC,29,639,45,
ROBERT,MALE,BLACK NON HISPANIC,29,640,45,
SEAN,MALE,BLACK NON HISPANIC,29,641,45,
DELILAH,FEMALE,HISPANIC,29,642,59,
LAILA,FEMALE,HISPANIC,29,643,59,
MYA,FEMALE,HISPANIC,29,644,59,
SARA,FEMALE,HISPANIC,29,645,59,
SCARLET,FEMALE,HISPANIC,29,646,59,
ADRIANA,FEMALE,WHITE NON HISPANIC,29,647,62,
LAYLA,FEMALE,WHITE NON HISPANIC,29,648,62,
LEA,FEMALE,WHITE NON HISPANIC,29,649,62,
LENA,FEMALE,WHITE NON HISPANIC,29,650,62,
LILIANA,FEMALE,WHITE NON HISPANIC,29,651,62,
CESAR,MALE,HISPANIC,29,652,75,
EDGAR,MALE,HISPANIC,29,653,75,
MARCOS,MALE,HISPANIC,29,654,75,
PEDRO,MALE,HISPANIC,29,655,75,
ARTHUR,MALE,WHITE NON HISPANIC,29,656,78,
FRANK,MALE,WHITE NON HISPANIC,29,657,78,
HUNTER,MALE,WHITE NON HISPANIC,29,658,78,
KEVIN,MALE,WHITE NON HISPANIC,29,659,78,
LEONARDO,MALE,WHITE NON HISPANIC,29,660,78,
MAXIMILIAN,MALE,WHITE NON HISPANIC,29,661,78,
USHER,MALE,WHITE NON HISPANIC,29,662,78,
ELAINE,FEMALE,ASIAN AND PACIFIC ISLANDER,28,663,20,
IMANI,FEMALE,BLACK NON HISPANIC,28,664,27,
MILAN,FEMALE,BLACK NON HISPANIC,28,665,27,
TRINITY,FEMALE,BLACK NON HISPANIC,28,666,27,
ADAM,MALE,ASIAN AND PACIFIC ISLANDER,28,667,38,
DAVID,MALE,ASIAN AND PACIFIC ISLANDER,28,668,38,
ADAM,MALE,BLACK NON HISPANIC,28,669,46,
KAIDEN,MALE,BLACK NON HISPANIC,28,670,46,
KEVIN,MALE,BLACK NON HISPANIC,28,671,46,
DANIELLA,FEMALE,HISPANIC,28,672,60,
ISABEL,FEMALE,HISPANIC,28,673,60,
LILIANA,FEMALE,HISPANIC,28,674,60,
ALYSSA,FEMALE,WHITE NON HISPANIC,28,675,63,
ARIANNA,FEMALE,WHITE NON HISPANIC,28,676,63,
CLARA,FEMALE,WHITE NON HISPANIC,28,677,63,
JULIANNA,FEMALE,WHITE NON HISPANIC,28,678,63,
RILEY,FEMALE,WHITE NON HISPANIC,28,679,63,
RUBY,FEMALE,WHITE NON HISPANIC,28,680,63,
ANGELO,MALE,HISPANIC,28,681,76,
FERNANDO,MALE,HISPANIC,28,682,76,
JOHAN,MALE,HISPANIC,28,683,76,
ANTONIO,MALE,WHITE NON HISPANIC,28,684,79,
IAN,MALE,WHITE NON HISPANIC,28,685,79,
ISRAEL,MALE,WHITE NON HISPANIC,28,686,79,
NICOLAS,MALE,WHITE NON HISPANIC,28,687,79,
ALICE,FEMALE,ASIAN AND PACIFIC ISLANDER,27,688,21,
CATHERINE,FEMALE,ASIAN AND PACIFIC ISLANDER,27,689,21,
CLAIRE,FEMALE,ASIAN AND PACIFIC ISLANDER,27,690,21,
JENNY,FEMALE,ASIAN AND PACIFIC ISLANDER,27,691,21,
MAYA,FEMALE,ASIAN AND PACIFIC ISLANDER,27,692,21,
LAUREN,FEMALE,BLACK NON HISPANIC,27,693,28,
SAMANTHA,FEMALE,BLACK NON HISPANIC,27,694,28,
ARJUN,MALE,ASIAN AND PACIFIC ISLANDER,27,695,39,
GAVIN,MALE,ASIAN AND PACIFIC ISLANDER,27,696,39,
OWEN,MALE,ASIAN AND PACIFIC ISLANDER,27,697,39,
RAYMOND,MALE,ASIAN AND PACIFIC ISLANDER,27,698,39,
MAMADOU,MALE,BLACK NON HISPANIC,27,699,47,
WILLIAM,MALE,BLACK NON HISPANIC,27,700,47,
ESMERALDA,FEMALE,HISPANIC,27,701,61,
ITZEL,FEMALE,HISPANIC,27,702,61,
KATE,FEMALE,HISPANIC,27,703,61,
LONDON,FEMALE,HISPANIC,27,704,61,
ZOEY,FEMALE,HISPANIC,27,705,61,
ALEXIS,FEMALE,WHITE NON HISPANIC,27,706,64,
ANNABELLE,FEMALE,WHITE NON HISPANIC,27,707,64,
ARIANA,FEMALE,WHITE NON HISPANIC,27,708,64,
JANE,FEMALE,WHITE NON HISPANIC,27,709,64,
CHRIS,MALE,HISPANIC,27,710,77,
JAKE,MALE,HISPANIC,27,711,77,
JULIO,MALE,HISPANIC,27,712,77,
OSCAR,MALE,HISPANIC,27,713,77,
AVROHOM,MALE,WHITE NON HISPANIC,27,714,80,
CAMERON,MALE,WHITE NON HISPANIC,27,715,80,
ERIC,MALE,WHITE NON HISPANIC,27,716,80,
MAXIM,MALE,WHITE NON HISPANIC,27,717,80,
RAFAEL,MALE,WHITE NON HISPANIC,27,718,80,
YECHIEL,MALE,WHITE NON HISPANIC,27,719,80,
ALYSSA,FEMALE,ASIAN AND PACIFIC ISLANDER,26,720,22,
ANGELINA,FEMALE,ASIAN AND PACIFIC ISLANDER,26,721,22,
IRIS,FEMALE,ASIAN AND PACIFIC ISLANDER,26,722,22,
JESSICA,FEMALE,ASIAN AND PACIFIC ISLANDER,26,723,22,
SELINA,FEMALE,ASIAN AND PACIFIC ISLANDER,26,724,22,
TENZIN,FEMALE,ASIAN AND PACIFIC ISLANDER,26,725,22,
AUTUMN,FEMALE,BLACK NON HISPANIC,26,726,29,
SANAA,FEMALE,BLACK NON HISPANIC,26,727,29,
NICHOLAS,MALE,ASIAN AND PACIFIC ISLANDER,26,728,40,
RICHARD,MALE,ASIAN AND PACIFIC ISLANDER,26,729,40,
EVAN,MALE,BLACK NON HISPANIC,26,730,48,
ADRIANNA,FEMALE,HISPANIC,26,731,62,
CRYSTAL,FEMALE,HISPANIC,26,732,62,
GUADALUPE,FEMALE,HISPANIC,26,733,62,
LIA,FEMALE,HISPANIC,26,734,62,
MIKAYLA,FEMALE,HISPANIC,26,735,62,
NATHALIE,FEMALE,HISPANIC,26,736,62,
ARIELLA,FEMALE,WHITE NON HISPANIC,26,737,65,
AUDREY,FEMALE,WHITE NON HISPANIC,26,738,65,
ELLIE,FEMALE,WHITE NON HISPANIC,26,739,65,
FRAIDY,FEMALE,WHITE NON HISPANIC,26,740,65,
GEORGIA,FEMALE,WHITE NON HISPANIC,26,741,65,
GIA,FEMALE,WHITE NON HISPANIC,26,742,65,
LAUREN,FEMALE,WHITE NON HISPANIC,26,743,65,
PESSY,FEMALE,WHITE NON HISPANIC,26,744,65,
TALIA,FEMALE,WHITE NON HISPANIC,26,745,65,
ARIEL,MALE,HISPANIC,26,746,78,
DAMIAN,MALE,HISPANIC,26,747,78,
EMANUEL,MALE,HISPANIC,26,748,78,
JULIUS,MALE,HISPANIC,26,749,78,
THOMAS,MALE,HISPANIC,26,750,78,
AHMED,MALE,WHITE NON HISPANIC,26,751,81,
AUSTIN,MALE,WHITE NON HISPANIC,26,752,81,
PAUL,MALE,WHITE NON HISPANIC,26,753,81,
PHILIP,MALE,WHITE NON HISPANIC,26,754,81,
RICHARD,MALE,WHITE NON HISPANIC,26,755,81,
SHAYA,MALE,WHITE NON HISPANIC,26,756,81,
ALINA,FEMALE,ASIAN AND PACIFIC ISLANDER,25,757,23,
ELLA,FEMALE,ASIAN AND PACIFIC ISLANDER,25,758,23,
SOPHIE,FEMALE,ASIAN AND PACIFIC ISLANDER,25,759,23,
WINNIE,FEMALE,ASIAN AND PACIFIC ISLANDER,25,760,23,
ZOE,FEMALE,ASIAN AND PACIFIC ISLANDER,25,761,23,
AMINATA,FEMALE,BLACK NON HISPANIC,25,762,30,
KAYLEE,FEMALE,BLACK NON HISPANIC,25,763,30,
LONDYN,FEMALE,BLACK NON HISPANIC,25,764,30,
MAYA,FEMALE,BLACK NON HISPANIC,25,765,30,
MCKENZIE,FEMALE,BLACK NON HISPANIC,25,766,30,
JEFFREY,MALE,ASIAN AND PACIFIC ISLANDER,25,767,41,
JERRY,MALE,ASIAN AND PACIFIC ISLANDER,25,768,41,
LIAM,MALE,ASIAN AND PACIFIC ISLANDER,25,769,41,
OSCAR,MALE,ASIAN AND PACIFIC ISLANDER,25,770,41,
IBRAHIM,MALE,BLACK NON HISPANIC,25,771,49,
LOGAN,MALE,BLACK NON HISPANIC,25,772,49,
AMBER,FEMALE,HISPANIC,25,773,63,
AUBREY,FEMALE,HISPANIC,25,774,63,
FAITH,FEMALE,HISPANIC,25,775,63,
KARLA,FEMALE,HISPANIC,25,776,63,
LUZ,FEMALE,HISPANIC,25,777,63,
RACHEL,FEMALE,HISPANIC,25,778,63,
SABRINA,FEMALE,HISPANIC,25,779,63,
ELIZA,FEMALE,WHITE NON HISPANIC,25,780,66,
ISABELLE,FEMALE,WHITE NON HISPANIC,25,781,66,
MARGARET,FEMALE,WHITE NON HISPANIC,25,782,66,
NECHAMA,FEMALE,WHITE NON HISPANIC,25,783,66,
TAYLOR,FEMALE,WHITE NON HISPANIC,25,784,66,
YIDES,FEMALE,WHITE NON HISPANIC,25,785,66,
ZISSY,FEMALE,WHITE NON HISPANIC,25,786,66,
DEVIN,MALE,HISPANIC,25,787,79,
JARIEL,MALE,HISPANIC,25,788,79,
KAYDEN,MALE,HISPANIC,25,789,79,
PABLO,MALE,HISPANIC,25,790,79,
RICARDO,MALE,HISPANIC,25,791,79,
YADIEL,MALE,HISPANIC,25,792,79,
CHASE,MALE,WHITE NON HISPANIC,25,793,82,
EFRAIM,MALE,WHITE NON HISPANIC,25,794,82,
WYATT,MALE,WHITE NON HISPANIC,25,795,82,
ABIGAIL,FEMALE,ASIAN AND PACIFIC ISLANDER,24,796,24,
AMY,FEMALE,ASIAN AND PACIFIC ISLANDER,24,797,24,
FATIMA,FEMALE,ASIAN AND PACIFIC ISLANDER,24,798,24,
JULIA,FEMALE,ASIAN AND PACIFIC ISLANDER,24,799,24,
SARA,FEMALE,ASIAN AND PACIFIC ISLANDER,24,800,24,
FATIMA,FEMALE,BLACK NON HISPANIC,24,801,31,
GABRIELLA,FEMALE,BLACK NON HISPANIC,24,802,31,
HANNAH,FEMALE,BLACK NON HISPANIC,24,803,31,
SYDNEY,FEMALE,BLACK NON HISPANIC,24,804,31,
AYDEN,MALE,ASIAN AND PACIFIC ISLANDER,24,805,42,
TENZIN,MALE,ASIAN AND PACIFIC ISLANDER,24,806,42,
DEVIN,MALE,BLACK NON HISPANIC,24,807,50,
MALIK,MALE,BLACK NON HISPANIC,24,808,50,
MARCUS,MALE,BLACK NON HISPANIC,24,809,50,
SINCERE,MALE,BLACK NON HISPANIC,24,810,50,
ALICIA,FEMALE,HISPANIC,24,811,64,
BIANCA,FEMALE,HISPANIC,24,812,64,
JAZMIN,FEMALE,HISPANIC,24,813,64,
LUNA,FEMALE,HISPANIC,24,814,64,
SARAI,FEMALE,HISPANIC,24,815,64,
TIFFANY,FEMALE,HISPANIC,24,816,64,
BRACHA,FEMALE,WHITE NON HISPANIC,24,817,67,
EDEN,FEMALE,WHITE NON HISPANIC,24,818,67,
ELOISE,FEMALE,WHITE NON HISPANIC,24,819,67,
MADELEINE,FEMALE,WHITE NON HISPANIC,24,820,67,
MINDY,FEMALE,WHITE NON HISPANIC,24,821,67,
BRADLEY,MALE,HISPANIC,24,822,80,
JAYSON,MALE,HISPANIC,24,823,80,
NOEL,MALE,HISPANIC,24,824,80,
RAYMOND,MALE,HISPANIC,24,825,80,
ARYEH,MALE,WHITE NON HISPANIC,24,826,83,
DEAN,MALE,WHITE NON HISPANIC,24,827,83,
HERSHEL,MALE,WHITE NON HISPANIC,24,828,83,
KYLE,MALE,WHITE NON HISPANIC,24,829,83,
MAYER,MALE,WHITE NON HISPANIC,24,830,83,
TIMOTHY,MALE,WHITE NON HISPANIC,24,831,83,
TRISTAN,MALE,WHITE NON HISPANIC,24,832,83,
AVA,FEMALE,ASIAN AND PACIFIC ISLANDER,23,833,25,
HANNAH,FEMALE,ASIAN AND PACIFIC ISLANDER,23,834,25,
SABRINA,FEMALE,ASIAN AND PACIFIC ISLANDER,23,835,25,
ZAINAB,FEMALE,ASIAN AND PACIFIC ISLANDER,23,836,25,
ALIYAH,FEMALE,BLACK NON HISPANIC,23,837,32,
KIMORA,FEMALE,BLACK NON HISPANIC,23,838,32,
JADEN,MALE,ASIAN AND PACIFIC ISLANDER,23,839,43,
JORDAN,MALE,ASIAN AND PACIFIC ISLANDER,23,840,43,
STANLEY,MALE,ASIAN AND PACIFIC ISLANDER,23,841,43,
WILSON,MALE,ASIAN AND PACIFIC ISLANDER,23,842,43,
MESSIAH,MALE,BLACK NON HISPANIC,23,843,51,
MOHAMMED,MALE,BLACK NON HISPANIC,23,844,51,
IZABELLA,FEMALE,HISPANIC,23,845,65,
KATELYN,FEMALE,HISPANIC,23,846,65,
MELODY,FEMALE,HISPANIC,23,847,65,
BLIMY,FEMALE,WHITE NON HISPANIC,23,848,68,
GITTEL,FEMALE,WHITE NON HISPANIC,23,849,68,
JULIETTE,FEMALE,WHITE NON HISPANIC,23,850,68,
LAILA,FEMALE,WHITE NON HISPANIC,23,851,68,
LIA,FEMALE,WHITE NON HISPANIC,23,852,68,
LIBBY,FEMALE,WHITE NON HISPANIC,23,853,68,
LUCIA,FEMALE,WHITE NON HISPANIC,23,854,68,
NORA,FEMALE,WHITE NON HISPANIC,23,855,68,
PEARL,FEMALE,WHITE NON HISPANIC,23,856,68,
PHOEBE,FEMALE,WHITE NON HISPANIC,23,857,68,
YEHUDIS,FEMALE,WHITE NON HISPANIC,23,858,68,
BRAYAN,MALE,HISPANIC,23,859,81,
JOAQUIN,MALE,HISPANIC,23,860,81,
MARIO,MALE,HISPANIC,23,861,81,
BRENDAN,MALE,WHITE NON HISPANIC,23,862,84,
FELIX,MALE,WHITE NON HISPANIC,23,863,84,
FINN,MALE,WHITE NON HISPANIC,23,864,84,
LOUIS,MALE,WHITE NON HISPANIC,23,865,84,
AMANDA,FEMALE,ASIAN AND PACIFIC ISLANDER,22,866,26,
ANGEL,FEMALE,ASIAN AND PACIFIC ISLANDER,22,867,26,
EVA,FEMALE,ASIAN AND PACIFIC ISLANDER,22,868,26,
JOYCE,FEMALE,ASIAN AND PACIFIC ISLANDER,22,869,26,
KAREN,FEMALE,ASIAN AND PACIFIC ISLANDER,22,870,26,
KELLY,FEMALE,ASIAN AND PACIFIC ISLANDER,22,871,26,
SAMANTHA,FEMALE,ASIAN AND PACIFIC ISLANDER,22,872,26,
STEPHANIE,FEMALE,ASIAN AND PACIFIC ISLANDER,22,873,26,
VICTORIA,FEMALE,ASIAN AND PACIFIC ISLANDER,22,874,26,
AMIRAH,FEMALE,BLACK NON HISPANIC,22,875,33,
ELIZABETH,FEMALE,BLACK NON HISPANIC,22,876,33,
MARIAMA,FEMALE,BLACK NON HISPANIC,22,877,33,
FELIX,MALE,ASIAN AND PACIFIC ISLANDER,22,878,44,
IAN,MALE,ASIAN AND PACIFIC ISLANDER,22,879,44,
ANDRE,MALE,BLACK NON HISPANIC,22,880,52,
BRIAN,MALE,BLACK NON HISPANIC,22,881,52,
ELI,MALE,BLACK NON HISPANIC,22,882,52,
KADEN,MALE,BLACK NON HISPANIC,22,883,52,
ZACHARY,MALE,BLACK NON HISPANIC,22,884,52,
ALIYAH,FEMALE,HISPANIC,22,885,66,
BRITTANY,FEMALE,HISPANIC,22,886,66,
DAYANA,FEMALE,HISPANIC,22,887,66,
JAYLENE,FEMALE,HISPANIC,22,888,66,
JULIA,FEMALE,HISPANIC,22,889,66,
NAOMI,FEMALE,HISPANIC,22,890,66,
YARETZI,FEMALE,HISPANIC,22,891,66,
ADELE,FEMALE,WHITE NON HISPANIC,22,892,69,
ALIZA,FEMALE,WHITE NON HISPANIC,22,893,69,
BELLA,FEMALE,WHITE NON HISPANIC,22,894,69,
EVE,FEMALE,WHITE NON HISPANIC,22,895,69,
JENNA,FEMALE,WHITE NON HISPANIC,22,896,69,
JESSICA,FEMALE,WHITE NON HISPANIC,22,897,69,
LOLA,FEMALE,WHITE NON HISPANIC,22,898,69,
ROCHEL,FEMALE,WHITE NON HISPANIC,22,899,69,
SHIRA,FEMALE,WHITE NON HISPANIC,22,900,69,
SHOSHANA,FEMALE,WHITE NON HISPANIC,22,901,69,
VERONICA,FEMALE,WHITE NON HISPANIC,22,902,69,
ABRAHAM,MALE,HISPANIC,22,903,82,
ALLEN,MALE,HISPANIC,22,904,82,
CHASE,MALE,HISPANIC,22,905,82,
DOMINIC,MALE,HISPANIC,22,906,82,
ISRAEL,MALE,HISPANIC,22,907,82,
KELVIN,MALE,HISPANIC,22,908,82,
MARCO,MALE,HISPANIC,22,909,82,
BEN,MALE,WHITE NON HISPANIC,22,910,85,
LORENZO,MALE,WHITE NON HISPANIC,22,911,85,
YEHOSHUA,MALE,WHITE NON HISPANIC,22,912,85,
KATHERINE,FEMALE,ASIAN AND PACIFIC ISLANDER,21,913,27,
KAYLA,FEMALE,ASIAN AND PACIFIC ISLANDER,21,914,27,
NINA,FEMALE,ASIAN AND PACIFIC ISLANDER,21,915,27,
KAITLYN,FEMALE,BLACK NON HISPANIC,21,916,34,
MARIAH,FEMALE,BLACK NON HISPANIC,21,917,34,
MIKAYLA,FEMALE,BLACK NON HISPANIC,21,918,34,
SANAI,FEMALE,BLACK NON HISPANIC,21,919,34,
AHMED,MALE,ASIAN AND PACIFIC ISLANDER,21,920,45,
CHRISTIAN,MALE,ASIAN AND PACIFIC ISLANDER,21,921,45,
CHRISTOPHER,MALE,ASIAN AND PACIFIC ISLANDER,21,922,45,
DARREN,MALE,ASIAN AND PACIFIC ISLANDER,21,923,45,
DEVIN,MALE,ASIAN AND PACIFIC ISLANDER,21,924,45,
HENRY,MALE,ASIAN AND PACIFIC ISLANDER,21,925,45,
JACK,MALE,ASIAN AND PACIFIC ISLANDER,21,926,45,
JOHN,MALE,ASIAN AND PACIFIC ISLANDER,21,927,45,
JOSEPH,MALE,ASIAN AND PACIFIC ISLANDER,21,928,45,
IAN,MALE,BLACK NON HISPANIC,21,929,53,
JACE,MALE,BLACK NON HISPANIC,21,930,53,
AILEEN,FEMALE,HISPANIC,21,931,67,
GIA,FEMALE,HISPANIC,21,932,67,
JADA,FEMALE,HISPANIC,21,933,67,
JULIANNA,FEMALE,HISPANIC,21,934,67,
LAUREN,FEMALE,HISPANIC,21,935,67,
LILY,FEMALE,HISPANIC,21,936,67,
RIHANNA,FEMALE,HISPANIC,21,937,67,
SKYLA,FEMALE,HISPANIC,21,938,67,
LYLA,FEMALE,WHITE NON HISPANIC,21,939,70,
MAEVE,FEMALE,WHITE NON HISPANIC,21,940,70,
VIVIENNE,FEMALE,WHITE NON HISPANIC,21,941,70,
YAEL,FEMALE,WHITE NON HISPANIC,21,942,70,
ZOEY,FEMALE,WHITE NON HISPANIC,21,943,70,
AMIR,MALE,HISPANIC,21,944,83,
DANTE,MALE,HISPANIC,21,945,83,
EMILIO,MALE,HISPANIC,21,946,83,
JACK,MALE,HISPANIC,21,947,83,
URIEL,MALE,HISPANIC,21,948,83,
ALAN,MALE,WHITE NON HISPANIC,21,949,86,
BARUCH,MALE,WHITE NON HISPANIC,21,950,86,
DOMINICK,MALE,WHITE NON HISPANIC,21,951,86,
ELIAS,MALE,WHITE NON HISPANIC,21,952,86,
GRAHAM,MALE,WHITE NON HISPANIC,21,953,86,
GRIFFIN,MALE,WHITE NON HISPANIC,21,954,86,
HERSHY,MALE,WHITE NON HISPANIC,21,955,86,
LUKA,MALE,WHITE NON HISPANIC,21,956,86,
MARTIN,MALE,WHITE NON HISPANIC,21,957,86,
RAPHAEL,MALE,WHITE NON HISPANIC,21,958,86,
SHANE,MALE,WHITE NON HISPANIC,21,959,86,
SHOLOM,MALE,WHITE NON HISPANIC,21,960,86,
ANNIE,FEMALE,ASIAN AND PACIFIC ISLANDER,20,961,28,
CHRISTINA,FEMALE,ASIAN AND PACIFIC ISLANDER,20,962,28,
IRENE,FEMALE,ASIAN AND PACIFIC ISLANDER,20,963,28,
KAYLEE,FEMALE,ASIAN AND PACIFIC ISLANDER,20,964,28,
NATALIE,FEMALE,ASIAN AND PACIFIC ISLANDER,20,965,28,
SHARON,FEMALE,ASIAN AND PACIFIC ISLANDER,20,966,28,
AMIYAH,FEMALE,BLACK NON HISPANIC,20,967,35,
ARIELLE,FEMALE,BLACK NON HISPANIC,20,968,35,
DANIELLE,FEMALE,BLACK NON HISPANIC,20,969,35,
HARMONY,FEMALE,BLACK NON HISPANIC,20,970,35,
PEYTON,FEMALE,BLACK NON HISPANIC,20,971,35,
SKYLAR,FEMALE,BLACK NON HISPANIC,20,972,35,
ABDUL,MALE,ASIAN AND PACIFIC ISLANDER,20,973,46,
CARSON,MALE,ASIAN AND PACIFIC ISLANDER,20,974,46,
DANNY,MALE,ASIAN AND PACIFIC ISLANDER,20,975,46,
JACKY,MALE,ASIAN AND PACIFIC ISLANDER,20,976,46,
MARCUS,MALE,ASIAN AND PACIFIC ISLANDER,20,977,46,
AIDAN,MALE,BLACK NON HISPANIC,20,978,54,
ANGELA,FEMALE,HISPANIC,20,979,68,
DULCE,FEMALE,HISPANIC,20,980,68,
JASMIN,FEMALE,HISPANIC,20,981,68,
JULIET,FEMALE,HISPANIC,20,982,68,
KAILEY,FEMALE,HISPANIC,20,983,68,
LEILA,FEMALE,HISPANIC,20,984,68,
LUCIA,FEMALE,HISPANIC,20,985,68,
NATHALY,FEMALE,HISPANIC,20,986,68,
RUBY,FEMALE,HISPANIC,20,987,68,
ALESSANDRA,FEMALE,WHITE NON HISPANIC,20,988,71,
ASHLEY,FEMALE,WHITE NON HISPANIC,20,989,71,
BATSHEVA,FEMALE,WHITE NON HISPANIC,20,990,71,
BLIMA,FEMALE,WHITE NON HISPANIC,20,991,71,
DYLAN,FEMALE,WHITE NON HISPANIC,20,992,71,
JACQUELINE,FEMALE,WHITE NON HISPANIC,20,993,71,
LIBA,FEMALE,WHITE NON HISPANIC,20,994,71,
MORGAN,FEMALE,WHITE NON HISPANIC,20,995,71,
NATALIA,FEMALE,WHITE NON HISPANIC,20,996,71,
RAIZEL,FEMALE,WHITE NON HISPANIC,20,997,71,
SHIFRA,FEMALE,WHITE NON HISPANIC,20,998,71,
SURY,FEMALE,WHITE NON HISPANIC,20,999,71,
YOCHEVED,FEMALE,WHITE NON HISPANIC,20,1000,71,
ARMANI,MALE,HISPANIC,20,1001,84,
CHARLES,MALE,HISPANIC,20,1002,84,
KENNY,MALE,HISPANIC,20,1003,84,
MATIAS,MALE,HISPANIC,20,1004,84,
AKIVA,MALE,WHITE NON HISPANIC,20,1005,87,
CHARLIE,MALE,WHITE NON HISPANIC,20,1006,87,
JASPER,MALE,WHITE NON HISPANIC,20,1007,87,
LAZER,MALE,WHITE NON HISPANIC,20,1008,87,
LEON,MALE,WHITE NON HISPANIC,20,1009,87,
MILO,MALE,WHITE NON HISPANIC,20,1010,87,
YOEL,MALE,WHITE NON HISPANIC,20,1011,87,
AUDREY,FEMALE,ASIAN AND PACIFIC ISLANDER,19,1012,29,
ERICA,FEMALE,ASIAN AND PACIFIC ISLANDER,19,1013,29,
MADISON,FEMALE,ASIAN AND PACIFIC ISLANDER,19,1014,29,
SOFIA,FEMALE,ASIAN AND PACIFIC ISLANDER,19,1015,29,
ZAHRA,FEMALE,ASIAN AND PACIFIC ISLANDER,19,1016,29,
AMELIA,FEMALE,BLACK NON HISPANIC,19,1017,36,
ANIYA,FEMALE,BLACK NON HISPANIC,19,1018,36,
KYLIE,FEMALE,BLACK NON HISPANIC,19,1019,36,
SKYLA,FEMALE,BLACK NON HISPANIC,19,1020,36,
TIANA,FEMALE,BLACK NON HISPANIC,19,1021,36,
ADRIAN,MALE,ASIAN AND PACIFIC ISLANDER,19,1022,47,
BENSON,MALE,ASIAN AND PACIFIC ISLANDER,19,1023,47,
LOGAN,MALE,ASIAN AND PACIFIC ISLANDER,19,1024,47,
NOAH,MALE,ASIAN AND PACIFIC ISLANDER,19,1025,47,
ADEN,MALE,BLACK NON HISPANIC,19,1026,55,
AVERY,MALE,BLACK NON HISPANIC,19,1027,55,
BLAKE,MALE,BLACK NON HISPANIC,19,1028,55,
JULIAN,MALE,BLACK NON HISPANIC,19,1029,55,
KHALIL,MALE,BLACK NON HISPANIC,19,1030,55,
KYMANI,MALE,BLACK NON HISPANIC,19,1031,55,
OMARI,MALE,BLACK NON HISPANIC,19,1032,55,
PRESTON,MALE,BLACK NON HISPANIC,19,1033,55,
ZAIRE,MALE,BLACK NON HISPANIC,19,1034,55,
ALLYSON,FEMALE,HISPANIC,19,1035,69,
ANGIE,FEMALE,HISPANIC,19,1036,69,
KAYLEEN,FEMALE,HISPANIC,19,1037,69,
MILA,FEMALE,HISPANIC,19,1038,69,
ADDISON,FEMALE,WHITE NON HISPANIC,19,1039,72,
ADINA,FEMALE,WHITE NON HISPANIC,19,1040,72,
ANASTASIA,FEMALE,WHITE NON HISPANIC,19,1041,72,
BRUCHA,FEMALE,WHITE NON HISPANIC,19,1042,72,
ELENA,FEMALE,WHITE NON HISPANIC,19,1043,72,
GABRIELA,FEMALE,WHITE NON HISPANIC,19,1044,72,
SIMA,FEMALE,WHITE NON HISPANIC,19,1045,72,
VERA,FEMALE,WHITE NON HISPANIC,19,1046,72,
BYRON,MALE,HISPANIC,19,1047,85,
CAMERON,MALE,HISPANIC,19,1048,85,
GAVIN,MALE,HISPANIC,19,1049,85,
JEFFREY,MALE,HISPANIC,19,1050,85,
LANDON,MALE,HISPANIC,19,1051,85,
MARK,MALE,HISPANIC,19,1052,85,
MATHEW,MALE,HISPANIC,19,1053,85,
RUBEN,MALE,HISPANIC,19,1054,85,
AHARON,MALE,WHITE NON HISPANIC,19,1055,88,
BRODY,MALE,WHITE NON HISPANIC,19,1056,88,
CARTER,MALE,WHITE NON HISPANIC,19,1057,88,
FRANCESCO,MALE,WHITE NON HISPANIC,19,1058,88,
GRAYSON,MALE,WHITE NON HISPANIC,19,1059,88,
LIPA,MALE,WHITE NON HISPANIC,19,1060,88,
ROCCO,MALE,WHITE NON HISPANIC,19,1061,88,
EILEEN,FEMALE,ASIAN AND PACIFIC ISLANDER,18,1062,30,
JENNIFER,FEMALE,ASIAN AND PACIFIC ISLANDER,18,1063,30,
JESSIE,FEMALE,ASIAN AND PACIFIC ISLANDER,18,1064,30,
KATIE,FEMALE,ASIAN AND PACIFIC ISLANDER,18,1065,30,
PHOEBE,FEMALE,ASIAN AND PACIFIC ISLANDER,18,1066,30,
RACHEL,FEMALE,ASIAN AND PACIFIC ISLANDER,18,1067,30,
XIN,FEMALE,ASIAN AND PACIFIC ISLANDER,18,1068,30,
ALANA,FEMALE,BLACK NON HISPANIC,18,1069,37,
AMBER,FEMALE,BLACK NON HISPANIC,18,1070,37,
JADE,FEMALE,BLACK NON HISPANIC,18,1071,37,
MELANIE,FEMALE,BLACK NON HISPANIC,18,1072,37,
SAMIYAH,FEMALE,BLACK NON HISPANIC,18,1073,37,
ANSON,MALE,ASIAN AND PACIFIC ISLANDER,18,1074,48,
ARYAN,MALE,ASIAN AND PACIFIC ISLANDER,18,1075,48,
JOHNNY,MALE,ASIAN AND PACIFIC ISLANDER,18,1076,48,
THOMAS,MALE,ASIAN AND PACIFIC ISLANDER,18,1077,48,
ADRIAN,MALE,BLACK NON HISPANIC,18,1078,56,
ASHTON,MALE,BLACK NON HISPANIC,18,1079,56,
GAVIN,MALE,BLACK NON HISPANIC,18,1080,56,
ISAAC,MALE,BLACK NON HISPANIC,18,1081,56,
KALEB,MALE,BLACK NON HISPANIC,18,1082,56,
SHAWN,MALE,BLACK NON HISPANIC,18,1083,56,
DANA,FEMALE,HISPANIC,18,1084,70,
ISABELLE,FEMALE,HISPANIC,18,1085,70,
LIANA,FEMALE,HISPANIC,18,1086,70,
XIMENA,FEMALE,HISPANIC,18,1087,70,
ADRIANNA,FEMALE,WHITE NON HISPANIC,18,1088,73,
AVIVA,FEMALE,WHITE NON HISPANIC,18,1089,73,
ESTY,FEMALE,WHITE NON HISPANIC,18,1090,73,
HAZEL,FEMALE,WHITE NON HISPANIC,18,1091,73,
HENNY,FEMALE,WHITE NON HISPANIC,18,1092,73,
LAURA,FEMALE,WHITE NON HISPANIC,18,1093,73,
MACKENZIE,FEMALE,WHITE NON HISPANIC,18,1094,73,
DARWIN,MALE,HISPANIC,18,1095,86,
DERICK,MALE,HISPANIC,18,1096,86,
ERIK,MALE,HISPANIC,18,1097,86,
GAEL,MALE,HISPANIC,18,1098,86,
JAY,MALE,HISPANIC,18,1099,86,
JOHNNY,MALE,HISPANIC,18,1100,86,
JUNIOR,MALE,HISPANIC,18,1101,86,
MOISES,MALE,HISPANIC,18,1102,86,
RILEY,MALE,HISPANIC,18,1103,86,
DEVIN,MALE,WHITE NON HISPANIC,18,1104,89,
MOISHE,MALE,WHITE NON HISPANIC,18,1105,89,
NAFTALI,MALE,WHITE NON HISPANIC,18,1106,89,
NAFTULI,MALE,WHITE NON HISPANIC,18,1107,89,
XAVIER,MALE,WHITE NON HISPANIC,18,1108,89,
ALLISON,FEMALE,ASIAN AND PACIFIC ISLANDER,17,1109,31,
AYESHA,FEMALE,ASIAN AND PACIFIC ISLANDER,17,1110,31,
EVELYN,FEMALE,ASIAN AND PACIFIC ISLANDER,17,1111,31,
MARYAM,FEMALE,ASIAN AND PACIFIC ISLANDER,17,1112,31,
MILA,FEMALE,ASIAN AND PACIFIC ISLANDER,17,1113,31,
SERENA,FEMALE,ASIAN AND PACIFIC ISLANDER,17,1114,31,
AMANDA,FEMALE,BLACK NON HISPANIC,17,1115,38,
CHRISTINA,FEMALE,BLACK NON HISPANIC,17,1116,38,
MALIA,FEMALE,BLACK NON HISPANIC,17,1117,38,
SARIAH,FEMALE,BLACK NON HISPANIC,17,1118,38,
TAMIA,FEMALE,BLACK NON HISPANIC,17,1119,38,
CHARLES,MALE,ASIAN AND PACIFIC ISLANDER,17,1120,49,
FARHAN,MALE,ASIAN AND PACIFIC ISLANDER,17,1121,49,
IBRAHIM,MALE,ASIAN AND PACIFIC ISLANDER,17,1122,49,
JAKE,MALE,ASIAN AND PACIFIC ISLANDER,17,1123,49,
JEREMY,MALE,ASIAN AND PACIFIC ISLANDER,17,1124,49,
LEON,MALE,ASIAN AND PACIFIC ISLANDER,17,1125,49,
VICTOR,MALE,ASIAN AND PACIFIC ISLANDER,17,1126,49,
DOMINIC,MALE,BLACK NON HISPANIC,17,1127,57,
KAMARI,MALE,BLACK NON HISPANIC,17,1128,57,
TRAVIS,MALE,BLACK NON HISPANIC,17,1129,57,
ANALIA,FEMALE,HISPANIC,17,1130,71,
ARIEL,FEMALE,HISPANIC,17,1131,71,
BRENDA,FEMALE,HISPANIC,17,1132,71,
ELISA,FEMALE,HISPANIC,17,1133,71,
HANNAH,FEMALE,HISPANIC,17,1134,71,
HAYLEE,FEMALE,HISPANIC,17,1135,71,
KEILY,FEMALE,HISPANIC,17,1136,71,
MIAH,FEMALE,HISPANIC,17,1137,71,
MILEY,FEMALE,HISPANIC,17,1138,71,
NAYELI,FEMALE,HISPANIC,17,1139,71,
SIENNA,FEMALE,HISPANIC,17,1140,71,
AMINA,FEMALE,WHITE NON HISPANIC,17,1141,74,
DEVORA,FEMALE,WHITE NON HISPANIC,17,1142,74,
ELLE,FEMALE,WHITE NON HISPANIC,17,1143,74,
KAITLYN,FEMALE,WHITE NON HISPANIC,17,1144,74,
KATE,FEMALE,WHITE NON HISPANIC,17,1145,74,
LIANA,FEMALE,WHITE NON HISPANIC,17,1146,74,
MARIAM,FEMALE,WHITE NON HISPANIC,17,1147,74,
SALMA,FEMALE,WHITE NON HISPANIC,17,1148,74,
SKYLAR,FEMALE,WHITE NON HISPANIC,17,1149,74,
SLOANE,FEMALE,WHITE NON HISPANIC,17,1150,74,
ASHTON,MALE,HISPANIC,17,1151,87,
BRYANT,MALE,HISPANIC,17,1152,87,
ELIAN,MALE,HISPANIC,17,1153,87,
FRANK,MALE,HISPANIC,17,1154,87,
ISMAEL,MALE,HISPANIC,17,1155,87,
JARED,MALE,HISPANIC,17,1156,87,
LUKE,MALE,HISPANIC,17,1157,87,
MIKE,MALE,HISPANIC,17,1158,87,
VINCENT,MALE,HISPANIC,17,1159,87,
AHRON,MALE,WHITE NON HISPANIC,17,1160,90,
ILAN,MALE,WHITE NON HISPANIC,17,1161,90,
MATEO,MALE,WHITE NON HISPANIC,17,1162,90,
SHLOME,MALE,WHITE NON HISPANIC,17,1163,90,
SHMIEL,MALE,WHITE NON HISPANIC,17,1164,90,
YITZCHAK,MALE,WHITE NON HISPANIC,17,1165,90,
BELLA,FEMALE,ASIAN AND PACIFIC ISLANDER,16,1166,32,
HAILEY,FEMALE,ASIAN AND PACIFIC ISLANDER,16,1167,32,
LEAH,FEMALE,ASIAN AND PACIFIC ISLANDER,16,1168,32,
LILLIAN,FEMALE,ASIAN AND PACIFIC ISLANDER,16,1169,32,
SYEDA,FEMALE,ASIAN AND PACIFIC ISLANDER,16,1170,32,
WENDY,FEMALE,ASIAN AND PACIFIC ISLANDER,16,1171,32,
ANGEL,FEMALE,BLACK NON HISPANIC,16,1172,39,
ASHLEY,FEMALE,BLACK NON HISPANIC,16,1173,39,
AUBREY,FEMALE,BLACK NON HISPANIC,16,1174,39,
JAYDA,FEMALE,BLACK NON HISPANIC,16,1175,39,
JORDYN,FEMALE,BLACK NON HISPANIC,16,1176,39,
NADIA,FEMALE,BLACK NON HISPANIC,16,1177,39,
PRINCESS,FEMALE,BLACK NON HISPANIC,16,1178,39,
SADE,FEMALE,BLACK NON HISPANIC,16,1179,39,
TORI,FEMALE,BLACK NON HISPANIC,16,1180,39,
CALEB,MALE,ASIAN AND PACIFIC ISLANDER,16,1181,50,
NATHANIEL,MALE,ASIAN AND PACIFIC ISLANDER,16,1182,50,
RICKY,MALE,ASIAN AND PACIFIC ISLANDER,16,1183,50,
SYED,MALE,ASIAN AND PACIFIC ISLANDER,16,1184,50,
TIMOTHY,MALE,ASIAN AND PACIFIC ISLANDER,16,1185,50,
TONY,MALE,ASIAN AND PACIFIC ISLANDER,16,1186,50,
ABDOUL,MALE,BLACK NON HISPANIC,16,1187,58,
JASIAH,MALE,BLACK NON HISPANIC,16,1188,58,
JERMAINE,MALE,BLACK NON HISPANIC,16,1189,58,
KENNETH,MALE,BLACK NON HISPANIC,16,1190,58,
MAURICE,MALE,BLACK NON HISPANIC,16,1191,58,
ALEJANDRA,FEMALE,HISPANIC,16,1192,72,
ALICE,FEMALE,HISPANIC,16,1193,72,
ALONDRA,FEMALE,HISPANIC,16,1194,72,
AURORA,FEMALE,HISPANIC,16,1195,72,
AYLIN,FEMALE,HISPANIC,16,1196,72,
BRYANNA,FEMALE,HISPANIC,16,1197,72,
DENISE,FEMALE,HISPANIC,16,1198,72,
ELENA,FEMALE,HISPANIC,16,1199,72,
HEIDY,FEMALE,HISPANIC,16,1200,72,
JAZLYN,FEMALE,HISPANIC,16,1201,72,
JULIANA,FEMALE,HISPANIC,16,1202,72,
JULISSA,FEMALE,HISPANIC,16,1203,72,
LESLY,FEMALE,HISPANIC,16,1204,72,
MADELYN,FEMALE,HISPANIC,16,1205,72,
NYLA,FEMALE,HISPANIC,16,1206,72,
ROSELYN,FEMALE,HISPANIC,16,1207,72,
AHUVA,FEMALE,WHITE NON HISPANIC,16,1208,75,
CECILIA,FEMALE,WHITE NON HISPANIC,16,1209,75,
EMERSON,FEMALE,WHITE NON HISPANIC,16,1210,75,
FAIGA,FEMALE,WHITE NON HISPANIC,16,1211,75,
FRADEL,FEMALE,WHITE NON HISPANIC,16,1212,75,
MARY,FEMALE,WHITE NON HISPANIC,16,1213,75,
MICHAL,FEMALE,WHITE NON HISPANIC,16,1214,75,
SASHA,FEMALE,WHITE NON HISPANIC,16,1215,75,
SAVANNAH,FEMALE,WHITE NON HISPANIC,16,1216,75,
SERENA,FEMALE,WHITE NON HISPANIC,16,1217,75,
SHAINA,FEMALE,WHITE NON HISPANIC,16,1218,75,
SIENA,FEMALE,WHITE NON HISPANIC,16,1219,75,
SUMMER,FEMALE,WHITE NON HISPANIC,16,1220,75,
ADONIS,MALE,HISPANIC,16,1221,88,
BRAYDEN,MALE,HISPANIC,16,1222,88,
CARMELO,MALE,HISPANIC,16,1223,88,
DOMINICK,MALE,HISPANIC,16,1224,88,
GREGORY,MALE,HISPANIC,16,1225,88,
JOHNATHAN,MALE,HISPANIC,16,1226,88,
LEANDRO,MALE,HISPANIC,16,1227,88,
MARTIN,MALE,HISPANIC,16,1228,88,
MARVIN,MALE,HISPANIC,16,1229,88,
NELSON,MALE,HISPANIC,16,1230,88,
PAUL,MALE,HISPANIC,16,1231,88,
TIMOTHY,MALE,HISPANIC,16,1232,88,
YAHIR,MALE,HISPANIC,16,1233,88,
ZACHARY,MALE,HISPANIC,16,1234,88,
ANGELO,MALE,WHITE NON HISPANIC,16,1235,91,
AUGUST,MALE,WHITE NON HISPANIC,16,1236,91,
BORUCH,MALE,WHITE NON HISPANIC,16,1237,91,
ELIMELECH,MALE,WHITE NON HISPANIC,16,1238,91,
GREGORY,MALE,WHITE NON HISPANIC,16,1239,91,
HARRY,MALE,WHITE NON HISPANIC,16,1240,91,
ISAIAH,MALE,WHITE NON HISPANIC,16,1241,91,
LUKAS,MALE,WHITE NON HISPANIC,16,1242,91,
MARC,MALE,WHITE NON HISPANIC,16,1243,91,
MARCO,MALE,WHITE NON HISPANIC,16,1244,91,
PARKER,MALE,WHITE NON HISPANIC,16,1245,91,
RAYAN,MALE,WHITE NON HISPANIC,16,1246,91,
RYDER,MALE,WHITE NON HISPANIC,16,1247,91,
SHEA,MALE,WHITE NON HISPANIC,16,1248,91,
ARIANA,FEMALE,ASIAN AND PACIFIC ISLANDER,15,1249,33,
ELIZABETH,FEMALE,ASIAN AND PACIFIC ISLANDER,15,1250,33,
JOCELYN,FEMALE,ASIAN AND PACIFIC ISLANDER,15,1251,33,
LILY,FEMALE,ASIAN AND PACIFIC ISLANDER,15,1252,33,
QUEENIE,FEMALE,ASIAN AND PACIFIC ISLANDER,15,1253,33,
VANESSA,FEMALE,ASIAN AND PACIFIC ISLANDER,15,1254,33,
AMANI,FEMALE,BLACK NON HISPANIC,15,1255,40,
AMIRA,FEMALE,BLACK NON HISPANIC,15,1256,40,
DAKOTA,FEMALE,BLACK NON HISPANIC,15,1257,40,
EGYPT,FEMALE,BLACK NON HISPANIC,15,1258,40,
EMMA,FEMALE,BLACK NON HISPANIC,15,1259,40,
FANTA,FEMALE,BLACK NON HISPANIC,15,1260,40,
GENESIS,FEMALE,BLACK NON HISPANIC,15,1261,40,
GRACE,FEMALE,BLACK NON HISPANIC,15,1262,40,
HAWA,FEMALE,BLACK NON HISPANIC,15,1263,40,
RILEY,FEMALE,BLACK NON HISPANIC,15,1264,40,
SARAI,FEMALE,BLACK NON HISPANIC,15,1265,40,
SHILOH,FEMALE,BLACK NON HISPANIC,15,1266,40,
SKYE,FEMALE,BLACK NON HISPANIC,15,1267,40,
SUMMER,FEMALE,BLACK NON HISPANIC,15,1268,40,
AARAV,MALE,ASIAN AND PACIFIC ISLANDER,15,1269,51,
ARMAAN,MALE,ASIAN AND PACIFIC ISLANDER,15,1270,51,
BRYAN,MALE,ASIAN AND PACIFIC ISLANDER,15,1271,51,
EDWIN,MALE,ASIAN AND PACIFIC ISLANDER,15,1272,51,
JIA,MALE,ASIAN AND PACIFIC ISLANDER,15,1273,51,
ROHAN,MALE,ASIAN AND PACIFIC ISLANDER,15,1274,51,
AMADOU,MALE,BLACK NON HISPANIC,15,1275,59,
AMARE,MALE,BLACK NON HISPANIC,15,1276,59,
ANTONIO,MALE,BLACK NON HISPANIC,15,1277,59,
CHANCE,MALE,BLACK NON HISPANIC,15,1278,59,
CHARLES,MALE,BLACK NON HISPANIC,15,1279,59,
JALEN,MALE,BLACK NON HISPANIC,15,1280,59,
JEREMY,MALE,BLACK NON HISPANIC,15,1281,59,
LAMAR,MALE,BLACK NON HISPANIC,15,1282,59,
LEVI,MALE,BLACK NON HISPANIC,15,1283,59,
MYLES,MALE,BLACK NON HISPANIC,15,1284,59,
RICHARD,MALE,BLACK NON HISPANIC,15,1285,59,
SEKOU,MALE,BLACK NON HISPANIC,15,1286,59,
ALISSON,FEMALE,HISPANIC,15,1287,73,
ERIKA,FEMALE,HISPANIC,15,1288,73,
ESTRELLA,FEMALE,HISPANIC,15,1289,73,
HEAVEN,FEMALE,HISPANIC,15,1290,73,
HEIDI,FEMALE,HISPANIC,15,1291,73,
JULIETTE,FEMALE,HISPANIC,15,1292,73,
KAYLIE,FEMALE,HISPANIC,15,1293,73,
MADELINE,FEMALE,HISPANIC,15,1294,73,
SELENA,FEMALE,HISPANIC,15,1295,73,
SHIRLEY,FEMALE,HISPANIC,15,1296,73,
ALLISON,FEMALE,WHITE NON HISPANIC,15,1297,76,
AMANDA,FEMALE,WHITE NON HISPANIC,15,1298,76,
AMELIE,FEMALE,WHITE NON HISPANIC,15,1299,76,
BATYA,FEMALE,WHITE NON HISPANIC,15,1300,76,
BREINDY,FEMALE,WHITE NON HISPANIC,15,1301,76,
BROOKLYN,FEMALE,WHITE NON HISPANIC,15,1302,76,
DAHLIA,FEMALE,WHITE NON HISPANIC,15,1303,76,
DANIELLE,FEMALE,WHITE NON HISPANIC,15,1304,76,
ERIN,FEMALE,WHITE NON HISPANIC,15,1305,76,
ETTY,FEMALE,WHITE NON HISPANIC,15,1306,76,
GABRIELLE,FEMALE,WHITE NON HISPANIC,15,1307,76,
GEMMA,FEMALE,WHITE NON HISPANIC,15,1308,76,
HADASSAH,FEMALE,WHITE NON HISPANIC,15,1309,76,
IVY,FEMALE,WHITE NON HISPANIC,15,1310,76,
MADELYN,FEMALE,WHITE NON HISPANIC,15,1311,76,
MALAK,FEMALE,WHITE NON HISPANIC,15,1312,76,
MICHAELA,FEMALE,WHITE NON HISPANIC,15,1313,76,
PEREL,FEMALE,WHITE NON HISPANIC,15,1314,76,
SHAINDEL,FEMALE,WHITE NON HISPANIC,15,1315,76,
SIMONE,FEMALE,WHITE NON HISPANIC,15,1316,76,
ALBERTO,MALE,HISPANIC,15,1317,89,
ALFREDO,MALE,HISPANIC,15,1318,89,
AUSTIN,MALE,HISPANIC,15,1319,89,
DAMIEN,MALE,HISPANIC,15,1320,89,
DENNIS,MALE,HISPANIC,15,1321,89,
GUSTAVO,MALE,HISPANIC,15,1322,89,
HUNTER,MALE,HISPANIC,15,1323,89,
JONAH,MALE,HISPANIC,15,1324,89,
MAXIMUS,MALE,HISPANIC,15,1325,89,
PETER,MALE,HISPANIC,15,1326,89,
RODRIGO,MALE,HISPANIC,15,1327,89,
SHAWN,MALE,HISPANIC,15,1328,89,
ALBERT,MALE,WHITE NON HISPANIC,15,1329,92,
AMIR,MALE,WHITE NON HISPANIC,15,1330,92,
BRAYDEN,MALE,WHITE NON HISPANIC,15,1331,92,
DOMINIC,MALE,WHITE NON HISPANIC,15,1332,92,
GAVRIEL,MALE,WHITE NON HISPANIC,15,1333,92,
KAI,MALE,WHITE NON HISPANIC,15,1334,92,
PINCHAS,MALE,WHITE NON HISPANIC,15,1335,92,
SHLOIME,MALE,WHITE NON HISPANIC,15,1336,92,
SPENCER,MALE,WHITE NON HISPANIC,15,1337,92,
AMELIA,FEMALE,ASIAN AND PACIFIC ISLANDER,14,1338,34,
ANIKA,FEMALE,ASIAN AND PACIFIC ISLANDER,14,1339,34,
CHARLOTTE,FEMALE,ASIAN AND PACIFIC ISLANDER,14,1340,34,
CINDY,FEMALE,ASIAN AND PACIFIC ISLANDER,14,1341,34,
CYNTHIA,FEMALE,ASIAN AND PACIFIC ISLANDER,14,1342,34,
JANICE,FEMALE,ASIAN AND PACIFIC ISLANDER,14,1343,34,
JOY,FEMALE,ASIAN AND PACIFIC ISLANDER,14,1344,34,
KATELYN,FEMALE,ASIAN AND PACIFIC ISLANDER,14,1345,34,
TINA,FEMALE,ASIAN AND PACIFIC ISLANDER,14,1346,34,
ZARA,FEMALE,ASIAN AND PACIFIC ISLANDER,14,1347,34,
AICHA,FEMALE,BLACK NON HISPANIC,14,1348,41,
AMINA,FEMALE,BLACK NON HISPANIC,14,1349,41,
KALIYAH,FEMALE,BLACK NON HISPANIC,14,1350,41,
MALIYAH,FEMALE,BLACK NON HISPANIC,14,1351,41,
SASHA,FEMALE,BLACK NON HISPANIC,14,1352,41,
SHANIA,FEMALE,BLACK NON HISPANIC,14,1353,41,
ZARIAH,FEMALE,BLACK NON HISPANIC,14,1354,41,
ADITYA,MALE,ASIAN AND PACIFIC ISLANDER,14,1355,52,
ALLEN,MALE,ASIAN AND PACIFIC ISLANDER,14,1356,52,
EDISON,MALE,ASIAN AND PACIFIC ISLANDER,14,1357,52,
JAY,MALE,ASIAN AND PACIFIC ISLANDER,14,1358,52,
LAWRENCE,MALE,ASIAN AND PACIFIC ISLANDER,14,1359,52,
MARTIN,MALE,ASIAN AND PACIFIC ISLANDER,14,1360,52,
MAX,MALE,ASIAN AND PACIFIC ISLANDER,14,1361,52,
PATRICK,MALE,ASIAN AND PACIFIC ISLANDER,14,1362,52,
SEAN,MALE,ASIAN AND PACIFIC ISLANDER,14,1363,52,
SEBASTIAN,MALE,ASIAN AND PACIFIC ISLANDER,14,1364,52,
SIMON,MALE,ASIAN AND PACIFIC ISLANDER,14,1365,52,
BRYSON,MALE,BLACK NON HISPANIC,14,1366,60,
DWAYNE,MALE,BLACK NON HISPANIC,14,1367,60,
ELIAS,MALE,BLACK NON HISPANIC,14,1368,60,
ERIC,MALE,BLACK NON HISPANIC,14,1369,60,
GIOVANNI,MALE,BLACK NON HISPANIC,14,1370,60,
JAHMIR,MALE,BLACK NON HISPANIC,14,1371,60,
JAYSON,MALE,BLACK NON HISPANIC,14,1372,60,
KAI,MALE,BLACK NON HISPANIC,14,1373,60,
KAMERON,MALE,BLACK NON HISPANIC,14,1374,60,
KING,MALE,BLACK NON HISPANIC,14,1375,60,
OMAR,MALE,BLACK NON HISPANIC,14,1376,60,
OUSMANE,MALE,BLACK NON HISPANIC,14,1377,60,
PATRICK,MALE,BLACK NON HISPANIC,14,1378,60,
TIMOTHY,MALE,BLACK NON HISPANIC,14,1379,60,
ZYAIRE,MALE,BLACK NON HISPANIC,14,1380,60,
ANIYAH,FEMALE,HISPANIC,14,1381,74,
ARIELLA,FEMALE,HISPANIC,14,1382,74,
AYLEEN,FEMALE,HISPANIC,14,1383,74,
EILEEN,FEMALE,HISPANIC,14,1384,74,
ESTHER,FEMALE,HISPANIC,14,1385,74,
FERNANDA,FEMALE,HISPANIC,14,1386,74,
GABRIELLE,FEMALE,HISPANIC,14,1387,74,
HALEY,FEMALE,HISPANIC,14,1388,74,
JAZMINE,FEMALE,HISPANIC,14,1389,74,
LAURA,FEMALE,HISPANIC,14,1390,74,
MELANY,FEMALE,HISPANIC,14,1391,74,
MIKAELA,FEMALE,HISPANIC,14,1392,74,
NADIA,FEMALE,HISPANIC,14,1393,74,
PENELOPE,FEMALE,HISPANIC,14,1394,74,
VIOLET,FEMALE,HISPANIC,14,1395,74,
ALESSIA,FEMALE,WHITE NON HISPANIC,14,1396,77,
ALISA,FEMALE,WHITE NON HISPANIC,14,1397,77,
ANNABEL,FEMALE,WHITE NON HISPANIC,14,1398,77,
ARIEL,FEMALE,WHITE NON HISPANIC,14,1399,77,
BLAKE,FEMALE,WHITE NON HISPANIC,14,1400,77,
BRIDGET,FEMALE,WHITE NON HISPANIC,14,1401,77,
BRYNN,FEMALE,WHITE NON HISPANIC,14,1402,77,
CHARLIE,FEMALE,WHITE NON HISPANIC,14,1403,77,
CHRISTINA,FEMALE,WHITE NON HISPANIC,14,1404,77,
COLETTE,FEMALE,WHITE NON HISPANIC,14,1405,77,
ELISHEVA,FEMALE,WHITE NON HISPANIC,14,1406,77,
ESTER,FEMALE,WHITE NON HISPANIC,14,1407,77,
GOLDA,FEMALE,WHITE NON HISPANIC,14,1408,77,
ISLA,FEMALE,WHITE NON HISPANIC,14,1409,77,
JASMINE,FEMALE,WHITE NON HISPANIC,14,1410,77,
JOYCE,FEMALE,WHITE NON HISPANIC,14,1411,77,
MATILDA,FEMALE,WHITE NON HISPANIC,14,1412,77,
RYAN,FEMALE,WHITE NON HISPANIC,14,1413,77,
SURI,FEMALE,WHITE NON HISPANIC,14,1414,77,
TESSA,FEMALE,WHITE NON HISPANIC,14,1415,77,
TZIVIA,FEMALE,WHITE NON HISPANIC,14,1416,77,
VANESSA,FEMALE,WHITE NON HISPANIC,14,1417,77,
ABEL,MALE,HISPANIC,14,1418,90,
ENRIQUE,MALE,HISPANIC,14,1419,90,
FRANKLIN,MALE,HISPANIC,14,1420,90,
JEFFERSON,MALE,HISPANIC,14,1421,90,
JEREMIAS,MALE,HISPANIC,14,1422,90,
JIMMY,MALE,HISPANIC,14,1423,90,
JULIEN,MALE,HISPANIC,14,1424,90,
LORENZO,MALE,HISPANIC,14,1425,90,
LOUIS,MALE,HISPANIC,14,1426,90,
PRESTON,MALE,HISPANIC,14,1427,90,
PRINCE,MALE,HISPANIC,14,1428,90,
ROMEO,MALE,HISPANIC,14,1429,90,
BINYOMIN,MALE,WHITE NON HISPANIC,14,1430,93,
BLAKE,MALE,WHITE NON HISPANIC,14,1431,93,
BRYAN,MALE,WHITE NON HISPANIC,14,1432,93,
CHESKEL,MALE,WHITE NON HISPANIC,14,1433,93,
EITAN,MALE,WHITE NON HISPANIC,14,1434,93,
GRANT,MALE,WHITE NON HISPANIC,14,1435,93,
HERSH,MALE,WHITE NON HISPANIC,14,1436,93,
MARCUS,MALE,WHITE NON HISPANIC,14,1437,93,
MAXIMUS,MALE,WHITE NON HISPANIC,14,1438,93,
RILEY,MALE,WHITE NON HISPANIC,14,1439,93,
YISRAEL,MALE,WHITE NON HISPANIC,14,1440,93,
ZALMEN,MALE,WHITE NON HISPANIC,14,1441,93,
ADA,FEMALE,ASIAN AND PACIFIC ISLANDER,13,1442,35,
AISHA,FEMALE,ASIAN AND PACIFIC ISLANDER,13,1443,35,
ALEXANDRA,FEMALE,ASIAN AND PACIFIC ISLANDER,13,1444,35,
AMBER,FEMALE,ASIAN AND PACIFIC ISLANDER,13,1445,35,
BRIANNA,FEMALE,ASIAN AND PACIFIC ISLANDER,13,1446,35,
ERIN,FEMALE,ASIAN AND PACIFIC ISLANDER,13,1447,35,
GIANNA,FEMALE,ASIAN AND PACIFIC ISLANDER,13,1448,35,
JANNAT,FEMALE,ASIAN AND PACIFIC ISLANDER,13,1449,35,
KHLOE,FEMALE,ASIAN AND PACIFIC ISLANDER,13,1450,35,
LAUREN,FEMALE,ASIAN AND PACIFIC ISLANDER,13,1451,35,
MELODY,FEMALE,ASIAN AND PACIFIC ISLANDER,13,1452,35,
REBECCA,FEMALE,ASIAN AND PACIFIC ISLANDER,13,1453,35,
SELENA,FEMALE,ASIAN AND PACIFIC ISLANDER,13,1454,35,
YU,FEMALE,ASIAN AND PACIFIC ISLANDER,13,1455,35,
ADDISON,FEMALE,BLACK NON HISPANIC,13,1456,42,
AISSATOU,FEMALE,BLACK NON HISPANIC,13,1457,42,
ALEXIS,FEMALE,BLACK NON HISPANIC,13,1458,42,
ARIA,FEMALE,BLACK NON HISPANIC,13,1459,42,
ARIANA,FEMALE,BLACK NON HISPANIC,13,1460,42,
JANIYA,FEMALE,BLACK NON HISPANIC,13,1461,42,
KENNEDY,FEMALE,BLACK NON HISPANIC,13,1462,42,
KIARA,FEMALE,BLACK NON HISPANIC,13,1463,42,
LEILANI,FEMALE,BLACK NON HISPANIC,13,1464,42,
LYRIC,FEMALE,BLACK NON HISPANIC,13,1465,42,
MICHELLE,FEMALE,BLACK NON HISPANIC,13,1466,42,
NAHLA,FEMALE,BLACK NON HISPANIC,13,1467,42,
SANIYA,FEMALE,BLACK NON HISPANIC,13,1468,42,
SANIYAH,FEMALE,BLACK NON HISPANIC,13,1469,42,
SYMPHONY,FEMALE,BLACK NON HISPANIC,13,1470,42,
TIANNA,FEMALE,BLACK NON HISPANIC,13,1471,42,
ZARIA,FEMALE,BLACK NON HISPANIC,13,1472,42,
ALI,MALE,ASIAN AND PACIFIC ISLANDER,13,1473,53,
CALVIN,MALE,ASIAN AND PACIFIC ISLANDER,13,1474,53,
GABRIEL,MALE,ASIAN AND PACIFIC ISLANDER,13,1475,53,
HARRISON,MALE,ASIAN AND PACIFIC ISLANDER,13,1476,53,
ISAAC,MALE,ASIAN AND PACIFIC ISLANDER,13,1477,53,
JACKSON,MALE,ASIAN AND PACIFIC ISLANDER,13,1478,53,
MOHAMED,MALE,ASIAN AND PACIFIC ISLANDER,13,1479,53,
ABDOULAYE,MALE,BLACK NON HISPANIC,13,1480,61,
AUSTIN,MALE,BLACK NON HISPANIC,13,1481,61,
BENJAMIN,MALE,BLACK NON HISPANIC,13,1482,61,
CARMELO,MALE,BLACK NON HISPANIC,13,1483,61,
JAMAL,MALE,BLACK NON HISPANIC,13,1484,61,
JAMEL,MALE,BLACK NON HISPANIC,13,1485,61,
NEHEMIAH,MALE,BLACK NON HISPANIC,13,1486,61,
TROY,MALE,BLACK NON HISPANIC,13,1487,61,
AISHA,FEMALE,HISPANIC,13,1488,75,
ALESSANDRA,FEMALE,HISPANIC,13,1489,75,
ANNA,FEMALE,HISPANIC,13,1490,75,
ANNABELLE,FEMALE,HISPANIC,13,1491,75,
APRIL,FEMALE,HISPANIC,13,1492,75,
ASHLY,FEMALE,HISPANIC,13,1493,75,
CINDY,FEMALE,HISPANIC,13,1494,75,
GERALDINE,FEMALE,HISPANIC,13,1495,75,
HAYLEY,FEMALE,HISPANIC,13,1496,75,
HELEN,FEMALE,HISPANIC,13,1497,75,
ISIS,FEMALE,HISPANIC,13,1498,75,
JAYLIN,FEMALE,HISPANIC,13,1499,75,
KRYSTAL,FEMALE,HISPANIC,13,1500,75,
NATALY,FEMALE,HISPANIC,13,1501,75,
SHERLYN,FEMALE,HISPANIC,13,1502,75,
TAYLOR,FEMALE,HISPANIC,13,1503,75,
BRUCHY,FEMALE,WHITE NON HISPANIC,13,1504,78,
DAISY,FEMALE,WHITE NON HISPANIC,13,1505,78,
DANIELA,FEMALE,WHITE NON HISPANIC,13,1506,78,
DIANA,FEMALE,WHITE NON HISPANIC,13,1507,78,
ELISE,FEMALE,WHITE NON HISPANIC,13,1508,78,
IRIS,FEMALE,WHITE NON HISPANIC,13,1509,78,
KYLIE,FEMALE,WHITE NON HISPANIC,13,1510,78,
LARA,FEMALE,WHITE NON HISPANIC,13,1511,78,
LILLY,FEMALE,WHITE NON HISPANIC,13,1512,78,
LINA,FEMALE,WHITE NON HISPANIC,13,1513,78,
MILENA,FEMALE,WHITE NON HISPANIC,13,1514,78,
PAIGE,FEMALE,WHITE NON HISPANIC,13,1515,78,
PARKER,FEMALE,WHITE NON HISPANIC,13,1516,78,
REESE,FEMALE,WHITE NON HISPANIC,13,1517,78,
RIFKY,FEMALE,WHITE NON HISPANIC,13,1518,78,
ROIZY,FEMALE,WHITE NON HISPANIC,13,1519,78,
WILLA,FEMALE,WHITE NON HISPANIC,13,1520,78,
YACHET,FEMALE,WHITE NON HISPANIC,13,1521,78,
ADEN,MALE,HISPANIC,13,1522,91,
ALBERT,MALE,HISPANIC,13,1523,91,
AVERY,MALE,HISPANIC,13,1524,91,
CRISTOPHER,MALE,HISPANIC,13,1525,91,
EMILIANO,MALE,HISPANIC,13,1526,91,
ESTEBAN,MALE,HISPANIC,13,1527,91,
FREDDY,MALE,HISPANIC,13,1528,91,
GIOVANNY,MALE,HISPANIC,13,1529,91,
IKER,MALE,HISPANIC,13,1530,91,
KADEN,MALE,HISPANIC,13,1531,91,
MAXIMILIANO,MALE,HISPANIC,13,1532,91,
SERGIO,MALE,HISPANIC,13,1533,91,
TRAVIS,MALE,HISPANIC,13,1534,91,
YERIK,MALE,HISPANIC,13,1535,91,
ZION,MALE,HISPANIC,13,1536,91,
AMROM,MALE,WHITE NON HISPANIC,13,1537,94,
BENZION,MALE,WHITE NON HISPANIC,13,1538,94,
BRADY,MALE,WHITE NON HISPANIC,13,1539,94,
CONOR,MALE,WHITE NON HISPANIC,13,1540,94,
FILIP,MALE,WHITE NON HISPANIC,13,1541,94,
IVAN,MALE,WHITE NON HISPANIC,13,1542,94,
JUDE,MALE,WHITE NON HISPANIC,13,1543,94,
KIERAN,MALE,WHITE NON HISPANIC,13,1544,94,
LANDON,MALE,WHITE NON HISPANIC,13,1545,94,
NICO,MALE,WHITE NON HISPANIC,13,1546,94,
PINCHUS,MALE,WHITE NON HISPANIC,13,1547,94,
QUINN,MALE,WHITE NON HISPANIC,13,1548,94,
REID,MALE,WHITE NON HISPANIC,13,1549,94,
SHLOIMY,MALE,WHITE NON HISPANIC,13,1550,94,
VINCENZO,MALE,WHITE NON HISPANIC,13,1551,94,
YIDA,MALE,WHITE NON HISPANIC,13,1552,94,
ALEENA,FEMALE,ASIAN AND PACIFIC ISLANDER,12,1553,36,
ALIYAH,FEMALE,ASIAN AND PACIFIC ISLANDER,12,1554,36,
ARIA,FEMALE,ASIAN AND PACIFIC ISLANDER,12,1555,36,
ARYA,FEMALE,ASIAN AND PACIFIC ISLANDER,12,1556,36,
CECILIA,FEMALE,ASIAN AND PACIFIC ISLANDER,12,1557,36,
CHRISTY,FEMALE,ASIAN AND PACIFIC ISLANDER,12,1558,36,
DIYA,FEMALE,ASIAN AND PACIFIC ISLANDER,12,1559,36,
ELENA,FEMALE,ASIAN AND PACIFIC ISLANDER,12,1560,36,
ERIKA,FEMALE,ASIAN AND PACIFIC ISLANDER,12,1561,36,
ISABEL,FEMALE,ASIAN AND PACIFIC ISLANDER,12,1562,36,
JIA,FEMALE,ASIAN AND PACIFIC ISLANDER,12,1563,36,
MANDY,FEMALE,ASIAN AND PACIFIC ISLANDER,12,1564,36,
MINA,FEMALE,ASIAN AND PACIFIC ISLANDER,12,1565,36,
SHIRLEY,FEMALE,ASIAN AND PACIFIC ISLANDER,12,1566,36,
ANAYA,FEMALE,BLACK NON HISPANIC,12,1567,43,
BROOKE,FEMALE,BLACK NON HISPANIC,12,1568,43,
CAMILLE,FEMALE,BLACK NON HISPANIC,12,1569,43,
FATOU,FEMALE,BLACK NON HISPANIC,12,1570,43,
JANIYAH,FEMALE,BLACK NON HISPANIC,12,1571,43,
KENDRA,FEMALE,BLACK NON HISPANIC,12,1572,43,
KYLA,FEMALE,BLACK NON HISPANIC,12,1573,43,
NATALIA,FEMALE,BLACK NON HISPANIC,12,1574,43,
REBECCA,FEMALE,BLACK NON HISPANIC,12,1575,43,
TARAJI,FEMALE,BLACK NON HISPANIC,12,1576,43,
ELIJAH,MALE,ASIAN AND PACIFIC ISLANDER,12,1577,54,
GEORGE,MALE,ASIAN AND PACIFIC ISLANDER,12,1578,54,
KAI,MALE,ASIAN AND PACIFIC ISLANDER,12,1579,54,
NELSON,MALE,ASIAN AND PACIFIC ISLANDER,12,1580,54,
ZACHARY,MALE,ASIAN AND PACIFIC ISLANDER,12,1581,54,
ZAIN,MALE,ASIAN AND PACIFIC ISLANDER,12,1582,54,
AMAR'E,MALE,BLACK NON HISPANIC,12,1583,62,
CHAD,MALE,BLACK NON HISPANIC,12,1584,62,
DARIUS,MALE,BLACK NON HISPANIC,12,1585,62,
DARREN,MALE,BLACK NON HISPANIC,12,1586,62,
HAYDEN,MALE,BLACK NON HISPANIC,12,1587,62,
HUNTER,MALE,BLACK NON HISPANIC,12,1588,62,
JAMIR,MALE,BLACK NON HISPANIC,12,1589,62,
JARED,MALE,BLACK NON HISPANIC,12,1590,62,
JESSE,MALE,BLACK NON HISPANIC,12,1591,62,
KEITH,MALE,BLACK NON HISPANIC,12,1592,62,
KIYAN,MALE,BLACK NON HISPANIC,12,1593,62,
LUCAS,MALE,BLACK NON HISPANIC,12,1594,62,
SETH,MALE,BLACK NON HISPANIC,12,1595,62,
STEVEN,MALE,BLACK NON HISPANIC,12,1596,62,
VICTOR,MALE,BLACK NON HISPANIC,12,1597,62,
AIMEE,FEMALE,HISPANIC,12,1598,76,
ARELY,FEMALE,HISPANIC,12,1599,76,
ATHENA,FEMALE,HISPANIC,12,1600,76,
BRITNEY,FEMALE,HISPANIC,12,1601,76,
CARMEN,FEMALE,HISPANIC,12,1602,76,
CAROLINE,FEMALE,HISPANIC,12,1603,76,
DANIELLE,FEMALE,HISPANIC,12,1604,76,
ELIANNY,FEMALE,HISPANIC,12,1605,76,
FATIMA,FEMALE,HISPANIC,12,1606,76,
JANELLE,FEMALE,HISPANIC,12,1607,76,
JAYLAH,FEMALE,HISPANIC,12,1608,76,
JOHANNA,FEMALE,HISPANIC,12,1609,76,
KATIE,FEMALE,HISPANIC,12,1610,76,
KAYLIN,FEMALE,HISPANIC,12,1611,76,
KEYLA,FEMALE,HISPANIC,12,1612,76,
LESLEY,FEMALE,HISPANIC,12,1613,76,
LINDSAY,FEMALE,HISPANIC,12,1614,76,
MARIANA,FEMALE,HISPANIC,12,1615,76,
PERLA,FEMALE,HISPANIC,12,1616,76,
RILEY,FEMALE,HISPANIC,12,1617,76,
SAMARA,FEMALE,HISPANIC,12,1618,76,
SKYLAR,FEMALE,HISPANIC,12,1619,76,
SOPHIE,FEMALE,HISPANIC,12,1620,76,
WENDY,FEMALE,HISPANIC,12,1621,76,
ADELINE,FEMALE,WHITE NON HISPANIC,12,1622,79,
BARBARA,FEMALE,WHITE NON HISPANIC,12,1623,79,
CASEY,FEMALE,WHITE NON HISPANIC,12,1624,79,
GENEVIEVE,FEMALE,WHITE NON HISPANIC,12,1625,79,
GRETA,FEMALE,WHITE NON HISPANIC,12,1626,79,
KATHRYN,FEMALE,WHITE NON HISPANIC,12,1627,79,
LEORA,FEMALE,WHITE NON HISPANIC,12,1628,79,
LILAH,FEMALE,WHITE NON HISPANIC,12,1629,79,
MAKAYLA,FEMALE,WHITE NON HISPANIC,12,1630,79,
MELANIE,FEMALE,WHITE NON HISPANIC,12,1631,79,
MIKAYLA,FEMALE,WHITE NON HISPANIC,12,1632,79,
RIFKA,FEMALE,WHITE NON HISPANIC,12,1633,79,
RUCHY,FEMALE,WHITE NON HISPANIC,12,1634,79,
TZIPORA,FEMALE,WHITE NON HISPANIC,12,1635,79,
ABDIEL,MALE,HISPANIC,12,1636,92,
EDDIE,MALE,HISPANIC,12,1637,92,
FELIX,MALE,HISPANIC,12,1638,92,
GERARDO,MALE,HISPANIC,12,1639,92,
JAYCE,MALE,HISPANIC,12,1640,92,
JOHANN,MALE,HISPANIC,12,1641,92,
LEONEL,MALE,HISPANIC,12,1642,92,
MAURICIO,MALE,HISPANIC,12,1643,92,
MAXIMO,MALE,HISPANIC,12,1644,92,
MELVIN,MALE,HISPANIC,12,1645,92,
OWEN,MALE,HISPANIC,12,1646,92,
PATRICK,MALE,HISPANIC,12,1647,92,
YANDEL,MALE,HISPANIC,12,1648,92,
YARIEL,MALE,HISPANIC,12,1649,92,
AVI,MALE,WHITE NON HISPANIC,12,1650,95,
BECKETT,MALE,WHITE NON HISPANIC,12,1651,95,
DASHIELL,MALE,WHITE NON HISPANIC,12,1652,95,
ELLIOTT,MALE,WHITE NON HISPANIC,12,1653,95,
JESSE,MALE,WHITE NON HISPANIC,12,1654,95,
MICAH,MALE,WHITE NON HISPANIC,12,1655,95,
ROMAN,MALE,WHITE NON HISPANIC,12,1656,95,
ROWAN,MALE,WHITE NON HISPANIC,12,1657,95,
YOUSEF,MALE,WHITE NON HISPANIC,12,1658,95,
ARIANNA,FEMALE,ASIAN AND PACIFIC ISLANDER,11,1659,37,
CHRISTINE,FEMALE,ASIAN AND PACIFIC ISLANDER,11,1660,37,
DAISY,FEMALE,ASIAN AND PACIFIC ISLANDER,11,1661,37,
ELINA,FEMALE,ASIAN AND PACIFIC ISLANDER,11,1662,37,
ESHAL,FEMALE,ASIAN AND PACIFIC ISLANDER,11,1663,37,
ISABELLE,FEMALE,ASIAN AND PACIFIC ISLANDER,11,1664,37,
KAITLYN,FEMALE,ASIAN AND PACIFIC ISLANDER,11,1665,37,
KYLIE,FEMALE,ASIAN AND PACIFIC ISLANDER,11,1666,37,
RAINA,FEMALE,ASIAN AND PACIFIC ISLANDER,11,1667,37,
STELLA,FEMALE,ASIAN AND PACIFIC ISLANDER,11,1668,37,
ALICIA,FEMALE,BLACK NON HISPANIC,11,1669,44,
ANGELINA,FEMALE,BLACK NON HISPANIC,11,1670,44,
DYLAN,FEMALE,BLACK NON HISPANIC,11,1671,44,
EDEN,FEMALE,BLACK NON HISPANIC,11,1672,44,
ESSENCE,FEMALE,BLACK NON HISPANIC,11,1673,44,
EVA,FEMALE,BLACK NON HISPANIC,11,1674,44,
JANELLE,FEMALE,BLACK NON HISPANIC,11,1675,44,
KELSEY,FEMALE,BLACK NON HISPANIC,11,1676,44,
NATALIE,FEMALE,BLACK NON HISPANIC,11,1677,44,
SAMARA,FEMALE,BLACK NON HISPANIC,11,1678,44,
SHANIYA,FEMALE,BLACK NON HISPANIC,11,1679,44,
ZARA,FEMALE,BLACK NON HISPANIC,11,1680,44,
CONNOR,MALE,ASIAN AND PACIFIC ISLANDER,11,1681,55,
ELVIS,MALE,ASIAN AND PACIFIC ISLANDER,11,1682,55,
JULIAN,MALE,ASIAN AND PACIFIC ISLANDER,11,1683,55,
LUKE,MALE,ASIAN AND PACIFIC ISLANDER,11,1684,55,
PETER,MALE,ASIAN AND PACIFIC ISLANDER,11,1685,55,
TERRY,MALE,ASIAN AND PACIFIC ISLANDER,11,1686,55,
TRAVIS,MALE,ASIAN AND PACIFIC ISLANDER,11,1687,55,
ADONIS,MALE,BLACK NON HISPANIC,11,1688,63,
AHMED,MALE,BLACK NON HISPANIC,11,1689,63,
ALI,MALE,BLACK NON HISPANIC,11,1690,63,
CAYDEN,MALE,BLACK NON HISPANIC,11,1691,63,
IBRAHIMA,MALE,BLACK NON HISPANIC,11,1692,63,
ISIAH,MALE,BLACK NON HISPANIC,11,1693,63,
JACKSON,MALE,BLACK NON HISPANIC,11,1694,63,
JELANI,MALE,BLACK NON HISPANIC,11,1695,63,
JUSTICE,MALE,BLACK NON HISPANIC,11,1696,63,
LANDON,MALE,BLACK NON HISPANIC,11,1697,63,
MALCOLM,MALE,BLACK NON HISPANIC,11,1698,63,
MARC,MALE,BLACK NON HISPANIC,11,1699,63,
MOUSSA,MALE,BLACK NON HISPANIC,11,1700,63,
NICOLAS,MALE,BLACK NON HISPANIC,11,1701,63,
SEBASTIAN,MALE,BLACK NON HISPANIC,11,1702,63,
TERRENCE,MALE,BLACK NON HISPANIC,11,1703,63,
ALANA,FEMALE,HISPANIC,11,1704,77,
ALYSON,FEMALE,HISPANIC,11,1705,77,
ANAYA,FEMALE,HISPANIC,11,1706,77,
ANGELY,FEMALE,HISPANIC,11,1707,77,
BRIELLE,FEMALE,HISPANIC,11,1708,77,
CAROLINA,FEMALE,HISPANIC,11,1709,77,
CELESTE,FEMALE,HISPANIC,11,1710,77,
CHARLOTTE,FEMALE,HISPANIC,11,1711,77,
CHRISTINA,FEMALE,HISPANIC,11,1712,77,
CLARA,FEMALE,HISPANIC,11,1713,77,
DAMARIS,FEMALE,HISPANIC,11,1714,77,
ELIANNA,FEMALE,HISPANIC,11,1715,77,
IMANI,FEMALE,HISPANIC,11,1716,77,
INGRID,FEMALE,HISPANIC,11,1717,77,
IRENE,FEMALE,HISPANIC,11,1718,77,
JAELYNN,FEMALE,HISPANIC,11,1719,77,
JAMIE,FEMALE,HISPANIC,11,1720,77,
JASLENE,FEMALE,HISPANIC,11,1721,77,
JIMENA,FEMALE,HISPANIC,11,1722,77,
KAELYN,FEMALE,HISPANIC,11,1723,77,
KAILYN,FEMALE,HISPANIC,11,1724,77,
MEGAN,FEMALE,HISPANIC,11,1725,77,
MIRANDA,FEMALE,HISPANIC,11,1726,77,
MIRIAM,FEMALE,HISPANIC,11,1727,77,
NATASHA,FEMALE,HISPANIC,11,1728,77,
NINA,FEMALE,HISPANIC,11,1729,77,
NOEMI,FEMALE,HISPANIC,11,1730,77,
RAQUEL,FEMALE,HISPANIC,11,1731,77,
ROSE,FEMALE,HISPANIC,11,1732,77,
SADIE,FEMALE,HISPANIC,11,1733,77,
STELLA,FEMALE,HISPANIC,11,1734,77,
STEPHANY,FEMALE,HISPANIC,11,1735,77,
TATIANA,FEMALE,HISPANIC,11,1736,77,
TIANA,FEMALE,HISPANIC,11,1737,77,
VIVIANA,FEMALE,HISPANIC,11,1738,77,
YAMILET,FEMALE,HISPANIC,11,1739,77,
ALICIA,FEMALE,WHITE NON HISPANIC,11,1740,80,
ALINA,FEMALE,WHITE NON HISPANIC,11,1741,80,
AMIRA,FEMALE,WHITE NON HISPANIC,11,1742,80,
AMY,FEMALE,WHITE NON HISPANIC,11,1743,80,
AVIGAIL,FEMALE,WHITE NON HISPANIC,11,1744,80,
CAITLIN,FEMALE,WHITE NON HISPANIC,11,1745,80,
CAMERON,FEMALE,WHITE NON HISPANIC,11,1746,80,
ELLIANA,FEMALE,WHITE NON HISPANIC,11,1747,80,
FINLEY,FEMALE,WHITE NON HISPANIC,11,1748,80,
HADASSA,FEMALE,WHITE NON HISPANIC,11,1749,80,
HANNA,FEMALE,WHITE NON HISPANIC,11,1750,80,
JORDYN,FEMALE,WHITE NON HISPANIC,11,1751,80,
KAYLEE,FEMALE,WHITE NON HISPANIC,11,1752,80,
KIRA,FEMALE,WHITE NON HISPANIC,11,1753,80,
PIPER,FEMALE,WHITE NON HISPANIC,11,1754,80,
RUTH,FEMALE,WHITE NON HISPANIC,11,1755,80,
SYLVIA,FEMALE,WHITE NON HISPANIC,11,1756,80,
TAMAR,FEMALE,WHITE NON HISPANIC,11,1757,80,
VALERIE,FEMALE,WHITE NON HISPANIC,11,1758,80,
VERONIKA,FEMALE,WHITE NON HISPANIC,11,1759,80,
ARMANDO,MALE,HISPANIC,11,1760,93,
CRISTOFER,MALE,HISPANIC,11,1761,93,
DERECK,MALE,HISPANIC,11,1762,93,
EDISON,MALE,HISPANIC,11,1763,93,
EZEKIEL,MALE,HISPANIC,11,1764,93,
EZEQUIEL,MALE,HISPANIC,11,1765,93,
JAIME,MALE,HISPANIC,11,1766,93,
JANUEL,MALE,HISPANIC,11,1767,93,
JENCARLOS,MALE,HISPANIC,11,1768,93,
JERRY,MALE,HISPANIC,11,1769,93,
LEO,MALE,HISPANIC,11,1770,93,
LUKAS,MALE,HISPANIC,11,1771,93,
ROBERTO,MALE,HISPANIC,11,1772,93,
ROGER,MALE,HISPANIC,11,1773,93,
ROYCE,MALE,HISPANIC,11,1774,93,
WILSON,MALE,HISPANIC,11,1775,93,
ALEC,MALE,WHITE NON HISPANIC,11,1776,96,
ALLEN,MALE,WHITE NON HISPANIC,11,1777,96,
AVRUM,MALE,WHITE NON HISPANIC,11,1778,96,
CARMINE,MALE,WHITE NON HISPANIC,11,1779,96,
DENNIS,MALE,WHITE NON HISPANIC,11,1780,96,
GREYSON,MALE,WHITE NON HISPANIC,11,1781,96,
HUGO,MALE,WHITE NON HISPANIC,11,1782,96,
KACPER,MALE,WHITE NON HISPANIC,11,1783,96,
MAKSIM,MALE,WHITE NON HISPANIC,11,1784,96,
MEILECH,MALE,WHITE NON HISPANIC,11,1785,96,
MENASHE,MALE,WHITE NON HISPANIC,11,1786,96,
MENDY,MALE,WHITE NON HISPANIC,11,1787,96,
MORRIS,MALE,WHITE NON HISPANIC,11,1788,96,
NOAM,MALE,WHITE NON HISPANIC,11,1789,96,
NOLAN,MALE,WHITE NON HISPANIC,11,1790,96,
SANTINO,MALE,WHITE NON HISPANIC,11,1791,96,
SHALOM,MALE,WHITE NON HISPANIC,11,1792,96,
SHNEUR,MALE,WHITE NON HISPANIC,11,1793,96,
YASEEN,MALE,WHITE NON HISPANIC,11,1794,96,
YECHEZKEL,MALE,WHITE NON HISPANIC,11,1795,96,
YIDEL,MALE,WHITE NON HISPANIC,11,1796,96,
YOUSSEF,MALE,WHITE NON HISPANIC,11,1797,96,
AIZA,FEMALE,ASIAN AND PACIFIC ISLANDER,10,1798,38,
ALEXA,FEMALE,ASIAN AND PACIFIC ISLANDER,10,1799,38,
ALISHA,FEMALE,ASIAN AND PACIFIC ISLANDER,10,1800,38,
ANGIE,FEMALE,ASIAN AND PACIFIC ISLANDER,10,1801,38,
ANNABELLE,FEMALE,ASIAN AND PACIFIC ISLANDER,10,1802,38,
BONNIE,FEMALE,ASIAN AND PACIFIC ISLANDER,10,1803,38,
HELEN,FEMALE,ASIAN AND PACIFIC ISLANDER,10,1804,38,
KATE,FEMALE,ASIAN AND PACIFIC ISLANDER,10,1805,38,
LEELA,FEMALE,ASIAN AND PACIFIC ISLANDER,10,1806,38,
MAGGIE,FEMALE,ASIAN AND PACIFIC ISLANDER,10,1807,38,
MEGAN,FEMALE,ASIAN AND PACIFIC ISLANDER,10,1808,38,
RENEE,FEMALE,ASIAN AND PACIFIC ISLANDER,10,1809,38,
TANISHA,FEMALE,ASIAN AND PACIFIC ISLANDER,10,1810,38,
AISHA,FEMALE,BLACK NON HISPANIC,10,1811,45,
CHEYENNE,FEMALE,BLACK NON HISPANIC,10,1812,45,
ERIN,FEMALE,BLACK NON HISPANIC,10,1813,45,
JALIYAH,FEMALE,BLACK NON HISPANIC,10,1814,45,
JULIA,FEMALE,BLACK NON HISPANIC,10,1815,45,
KAI,FEMALE,BLACK NON HISPANIC,10,1816,45,
KAMIYAH,FEMALE,BLACK NON HISPANIC,10,1817,45,
KENYA,FEMALE,BLACK NON HISPANIC,10,1818,45,
MACKENZIE,FEMALE,BLACK NON HISPANIC,10,1819,45,
MARYAM,FEMALE,BLACK NON HISPANIC,10,1820,45,
NANA,FEMALE,BLACK NON HISPANIC,10,1821,45,
RACHEL,FEMALE,BLACK NON HISPANIC,10,1822,45,
SAMIYA,FEMALE,BLACK NON HISPANIC,10,1823,45,
SORAYA,FEMALE,BLACK NON HISPANIC,10,1824,45,
TABITHA,FEMALE,BLACK NON HISPANIC,10,1825,45,
ZAHARA,FEMALE,BLACK NON HISPANIC,10,1826,45,
ZANIYAH,FEMALE,BLACK NON HISPANIC,10,1827,45,
ZURI,FEMALE,BLACK NON HISPANIC,10,1828,45,
CODY,MALE,ASIAN AND PACIFIC ISLANDER,10,1829,56,
EASON,MALE,ASIAN AND PACIFIC ISLANDER,10,1830,56,
HAYDEN,MALE,ASIAN AND PACIFIC ISLANDER,10,1831,56,
ISHAAN,MALE,ASIAN AND PACIFIC ISLANDER,10,1832,56,
LOUIS,MALE,ASIAN AND PACIFIC ISLANDER,10,1833,56,
MILES,MALE,ASIAN AND PACIFIC ISLANDER,10,1834,56,
OLIVER,MALE,ASIAN AND PACIFIC ISLANDER,10,1835,56,
RAYAN,MALE,ASIAN AND PACIFIC ISLANDER,10,1836,56,
SHAWN,MALE,ASIAN AND PACIFIC ISLANDER,10,1837,56,
XAVIER,MALE,ASIAN AND PACIFIC ISLANDER,10,1838,56,
ZAYAN,MALE,ASIAN AND PACIFIC ISLANDER,10,1839,56,
ALIJAH,MALE,BLACK NON HISPANIC,10,1840,64,
ALVIN,MALE,BLACK NON HISPANIC,10,1841,64,
ANGEL,MALE,BLACK NON HISPANIC,10,1842,64,
BRYAN,MALE,BLACK NON HISPANIC,10,1843,64,
CHRIS,MALE,BLACK NON HISPANIC,10,1844,64,
CODY,MALE,BLACK NON HISPANIC,10,1845,64,
COREY,MALE,BLACK NON HISPANIC,10,1846,64,
DERRICK,MALE,BLACK NON HISPANIC,10,1847,64,
DEVON,MALE,BLACK NON HISPANIC,10,1848,64,
DONOVAN,MALE,BLACK NON HISPANIC,10,1849,64,
EDWARD,MALE,BLACK NON HISPANIC,10,1850,64,
GEORGE,MALE,BLACK NON HISPANIC,10,1851,64,
HASSAN,MALE,BLACK NON HISPANIC,10,1852,64,
ISHMAEL,MALE,BLACK NON HISPANIC,10,1853,64,
JAHEIM,MALE,BLACK NON HISPANIC,10,1854,64,
MAKAI,MALE,BLACK NON HISPANIC,10,1855,64,
MARQUIS,MALE,BLACK NON HISPANIC,10,1856,64,
MILES,MALE,BLACK NON HISPANIC,10,1857,64,
NANA,MALE,BLACK NON HISPANIC,10,1858,64,
NIGEL,MALE,BLACK NON HISPANIC,10,1859,64,
QUINCY,MALE,BLACK NON HISPANIC,10,1860,64,
RICARDO,MALE,BLACK NON HISPANIC,10,1861,64,
RODNEY,MALE,BLACK NON HISPANIC,10,1862,64,
STEPHEN,MALE,BLACK NON HISPANIC,10,1863,64,
TERRELL,MALE,BLACK NON HISPANIC,10,1864,64,
ABBY,FEMALE,HISPANIC,10,1865,78,
ARIANNY,FEMALE,HISPANIC,10,1866,78,
BRIANNY,FEMALE,HISPANIC,10,1867,78,
CASSANDRA,FEMALE,HISPANIC,10,1868,78,
CRISTINA,FEMALE,HISPANIC,10,1869,78,
CYNTHIA,FEMALE,HISPANIC,10,1870,78,
HAZEL,FEMALE,HISPANIC,10,1871,78,
IRIS,FEMALE,HISPANIC,10,1872,78,
ISABELA,FEMALE,HISPANIC,10,1873,78,
JAYDA,FEMALE,HISPANIC,10,1874,78,
JAYLYN,FEMALE,HISPANIC,10,1875,78,
KATELYNN,FEMALE,HISPANIC,10,1876,78,
KAYLEIGH,FEMALE,HISPANIC,10,1877,78,
KYLEE,FEMALE,HISPANIC,10,1878,78,
LEA,FEMALE,HISPANIC,10,1879,78,
LEYLA,FEMALE,HISPANIC,10,1880,78,
MARILYN,FEMALE,HISPANIC,10,1881,78,
MARISOL,FEMALE,HISPANIC,10,1882,78,
NANCY,FEMALE,HISPANIC,10,1883,78,
NATHALIA,FEMALE,HISPANIC,10,1884,78,
PAOLA,FEMALE,HISPANIC,10,1885,78,
REBECCA,FEMALE,HISPANIC,10,1886,78,
ROSA,FEMALE,HISPANIC,10,1887,78,
SARIAH,FEMALE,HISPANIC,10,1888,78,
SASHA,FEMALE,HISPANIC,10,1889,78,
SAVANNA,FEMALE,HISPANIC,10,1890,78,
STACY,FEMALE,HISPANIC,10,1891,78,
VERONICA,FEMALE,HISPANIC,10,1892,78,
ANGELICA,FEMALE,WHITE NON HISPANIC,10,1893,81,
ARIELA,FEMALE,WHITE NON HISPANIC,10,1894,81,
ATARA,FEMALE,WHITE NON HISPANIC,10,1895,81,
AUBREY,FEMALE,WHITE NON HISPANIC,10,1896,81,
AUTUMN,FEMALE,WHITE NON HISPANIC,10,1897,81,
AYLA,FEMALE,WHITE NON HISPANIC,10,1898,81,
BIANCA,FEMALE,WHITE NON HISPANIC,10,1899,81,
CELIA,FEMALE,WHITE NON HISPANIC,10,1900,81,
CHAVY,FEMALE,WHITE NON HISPANIC,10,1901,81,
CORA,FEMALE,WHITE NON HISPANIC,10,1902,81,
DALIA,FEMALE,WHITE NON HISPANIC,10,1903,81,
FRIMET,FEMALE,WHITE NON HISPANIC,10,1904,81,
GIOVANNA,FEMALE,WHITE NON HISPANIC,10,1905,81,
IDY,FEMALE,WHITE NON HISPANIC,10,1906,81,
ILANA,FEMALE,WHITE NON HISPANIC,10,1907,81,
IZABELLA,FEMALE,WHITE NON HISPANIC,10,1908,81,
JULIE,FEMALE,WHITE NON HISPANIC,10,1909,81,
LEILA,FEMALE,WHITE NON HISPANIC,10,1910,81,
LONDON,FEMALE,WHITE NON HISPANIC,10,1911,81,
MIRI,FEMALE,WHITE NON HISPANIC,10,1912,81,
NICOLETTE,FEMALE,WHITE NON HISPANIC,10,1913,81,
QUINN,FEMALE,WHITE NON HISPANIC,10,1914,81,
SHEVY,FEMALE,WHITE NON HISPANIC,10,1915,81,
SIMI,FEMALE,WHITE NON HISPANIC,10,1916,81,
TZIPORAH,FEMALE,WHITE NON HISPANIC,10,1917,81,
TZIPPY,FEMALE,WHITE NON HISPANIC,10,1918,81,
YASMINE,FEMALE,WHITE NON HISPANIC,10,1919,81,
ALDO,MALE,HISPANIC,10,1920,94,
ALLAN,MALE,HISPANIC,10,1921,94,
ALVIN,MALE,HISPANIC,10,1922,94,
ANDRE,MALE,HISPANIC,10,1923,94,
ARTURO,MALE,HISPANIC,10,1924,94,
BRYCE,MALE,HISPANIC,10,1925,94,
ELVIS,MALE,HISPANIC,10,1926,94,
GIOVANI,MALE,HISPANIC,10,1927,94,
JANIEL,MALE,HISPANIC,10,1928,94,
JEANCARLOS,MALE,HISPANIC,10,1929,94,
JESSE,MALE,HISPANIC,10,1930,94,
LARRY,MALE,HISPANIC,10,1931,94,
MARLON,MALE,HISPANIC,10,1932,94,
SHANE,MALE,HISPANIC,10,1933,94,
STEPHEN,MALE,HISPANIC,10,1934,94,
STEVE,MALE,HISPANIC,10,1935,94,
TAYLOR,MALE,HISPANIC,10,1936,94,
TOMAS,MALE,HISPANIC,10,1937,94,
YAIR,MALE,HISPANIC,10,1938,94,
YANIEL,MALE,HISPANIC,10,1939,94,
ASHTON,MALE,WHITE NON HISPANIC,10,1940,97,
AUGUSTUS,MALE,WHITE NON HISPANIC,10,1941,97,
AYDEN,MALE,WHITE NON HISPANIC,10,1942,97,
BENNETT,MALE,WHITE NON HISPANIC,10,1943,97,
BERISH,MALE,WHITE NON HISPANIC,10,1944,97,
BRYCE,MALE,WHITE NON HISPANIC,10,1945,97,
CADEN,MALE,WHITE NON HISPANIC,10,1946,97,
CALVIN,MALE,WHITE NON HISPANIC,10,1947,97,
DEREK,MALE,WHITE NON HISPANIC,10,1948,97,
ELLIS,MALE,WHITE NON HISPANIC,10,1949,97,
KENNETH,MALE,WHITE NON HISPANIC,10,1950,97,
LEV,MALE,WHITE NON HISPANIC,10,1951,97,
MOHAMMED,MALE,WHITE NON HISPANIC,10,1952,97,
NIKOLAS,MALE,WHITE NON HISPANIC,10,1953,97,
NOSSON,MALE,WHITE NON HISPANIC,10,1954,97,
REED,MALE,WHITE NON HISPANIC,10,1955,97,
SAMIR,MALE,WHITE NON HISPANIC,10,1956,97,
SHAUL,MALE,WHITE NON HISPANIC,10,1957,97,
SIDNEY,MALE,WHITE NON HISPANIC,10,1958,97,
SILAS,MALE,WHITE NON HISPANIC,10,1959,97,
STEPHEN,MALE,WHITE NON HISPANIC,10,1960,97,
WESLEY,MALE,WHITE NON HISPANIC,10,1961,97,
YEHUDAH,MALE,WHITE NON HISPANIC,10,1962,97,
YONAH,MALE,WHITE NON HISPANIC,10,1963,97,